Time,header.seq,header.stamp.secs,header.stamp.nsecs,header.frame_id,latitude,longitude,altitude,utm_easting,utm_northing,zone,letter
1696184503.3192072,1,1696184503,317908525,GPS1_Frame,42.33408737182617,-71.09650421142578,29.200000762939453,327279.8125,4688999.5,19,T
1696184504.2981768,2,1696184504,297038793,GPS1_Frame,42.33408737182617,-71.09650421142578,29.200000762939453,327279.8125,4688999.5,19,T
1696184505.320091,3,1696184505,318948745,GPS1_Frame,42.33408737182617,-71.09650421142578,29.200000762939453,327279.8125,4688999.5,19,T
1696184506.2984247,4,1696184506,297269582,GPS1_Frame,42.33408737182617,-71.09650421142578,29.200000762939453,327279.8125,4688999.5,19,T
1696184507.2975597,5,1696184507,296347141,GPS1_Frame,42.33408737182617,-71.09650421142578,29.200000762939453,327279.8125,4688999.5,19,T
1696184508.3008478,6,1696184508,299698352,GPS1_Frame,42.33408737182617,-71.09650421142578,29.200000762939453,327279.8125,4688999.5,19,T
1696184509.300709,7,1696184509,299515724,GPS1_Frame,42.33408737182617,-71.09650421142578,29.200000762939453,327279.8125,4688999.5,19,T
1696184510.3003445,8,1696184510,299199581,GPS1_Frame,42.33408737182617,-71.09650421142578,29.200000762939453,327279.8125,4688999.5,19,T
1696184511.2985828,9,1696184511,297494173,GPS1_Frame,42.33408737182617,-71.09650421142578,29.200000762939453,327279.8125,4688999.5,19,T
1696184512.3017223,10,1696184512,300687551,GPS1_Frame,42.33408737182617,-71.09650421142578,29.200000762939453,327279.8125,4688999.5,19,T
1696184513.3000743,11,1696184513,298988580,GPS1_Frame,42.33408737182617,-71.09650421142578,29.200000762939453,327279.8125,4688999.5,19,T
1696184514.3005528,12,1696184514,299434900,GPS1_Frame,42.33408737182617,-71.09650421142578,29.200000762939453,327279.8125,4688999.5,19,T
1696184515.301517,13,1696184515,300415515,GPS1_Frame,42.33408737182617,-71.09650421142578,29.200000762939453,327279.8125,4688999.5,19,T
1696184516.3000426,14,1696184516,298930406,GPS1_Frame,42.33408737182617,-71.09650421142578,29.200000762939453,327279.8125,4688999.5,19,T
1696184517.299564,15,1696184517,298500537,GPS1_Frame,42.33408737182617,-71.09650421142578,29.200000762939453,327279.8125,4688999.5,19,T
1696184518.3020682,16,1696184518,301014900,GPS1_Frame,42.33408737182617,-71.09650421142578,29.200000762939453,327279.8125,4688999.5,19,T
1696184519.3059492,17,1696184519,304823398,GPS1_Frame,42.33408737182617,-71.09650421142578,29.200000762939453,327279.8125,4688999.5,19,T
1696184520.3340924,18,1696184520,333007812,GPS1_Frame,42.33408737182617,-71.09650421142578,29.200000762939453,327279.8125,4688999.5,19,T
1696184521.3352218,19,1696184521,334161996,GPS1_Frame,42.33408737182617,-71.09650421142578,29.200000762939453,327279.8125,4688999.5,19,T
1696184522.3135154,20,1696184522,312370538,GPS1_Frame,42.33408737182617,-71.09650421142578,29.200000762939453,327279.8125,4688999.5,19,T
1696184523.3016808,21,1696184523,300541639,GPS1_Frame,42.33408737182617,-71.09650421142578,29.200000762939453,327279.8125,4688999.5,19,T
1696184524.3222108,22,1696184524,321093797,GPS1_Frame,42.33408737182617,-71.09650421142578,29.100000381469727,327279.8125,4688999.5,19,T
1696184525.301435,23,1696184525,300330400,GPS1_Frame,42.33409118652344,-71.09650421142578,29.200000762939453,327279.96875,4688999.5,19,T
1696184526.3237922,24,1696184526,322732210,GPS1_Frame,42.33409118652344,-71.09650421142578,29.200000762939453,327279.96875,4688999.5,19,T
1696184527.3249447,25,1696184527,323902130,GPS1_Frame,42.33409118652344,-71.09650421142578,29.200000762939453,327279.96875,4688999.5,19,T
1696184528.3308783,26,1696184528,329720258,GPS1_Frame,42.33409118652344,-71.09650421142578,29.200000762939453,327279.96875,4688999.5,19,T
1696184529.3003867,27,1696184529,299293756,GPS1_Frame,42.33409118652344,-71.09650421142578,29.200000762939453,327279.96875,4688999.5,19,T
1696184530.3278008,28,1696184530,326813220,GPS1_Frame,42.33409118652344,-71.09650421142578,29.200000762939453,327279.96875,4688999.5,19,T
1696184531.3136275,29,1696184531,312519311,GPS1_Frame,42.33409118652344,-71.09650421142578,29.200000762939453,327279.96875,4688999.5,19,T
1696184532.3161027,30,1696184532,314974069,GPS1_Frame,42.33409118652344,-71.09650421142578,29.200000762939453,327279.96875,4688999.5,19,T
1696184533.306407,31,1696184533,305225610,GPS1_Frame,42.33409118652344,-71.09650421142578,29.200000762939453,327279.96875,4688999.5,19,T
1696184534.334121,32,1696184534,332969665,GPS1_Frame,42.33409118652344,-71.09650421142578,29.200000762939453,327279.96875,4688999.5,19,T
1696184535.3132691,33,1696184535,312191724,GPS1_Frame,42.33409118652344,-71.09650421142578,29.200000762939453,327279.96875,4688999.5,19,T
1696184536.3163414,34,1696184536,315172195,GPS1_Frame,42.33409118652344,-71.09650421142578,29.200000762939453,327279.96875,4688999.5,19,T
1696184537.3119621,35,1696184537,310801506,GPS1_Frame,42.33409118652344,-71.09650421142578,29.200000762939453,327279.96875,4688999.5,19,T
1696184538.305183,36,1696184538,304015398,GPS1_Frame,42.33409118652344,-71.09650421142578,29.200000762939453,327279.96875,4688999.5,19,T
1696184539.3077934,37,1696184539,306763410,GPS1_Frame,42.33409118652344,-71.09650421142578,29.200000762939453,327279.96875,4688999.5,19,T
1696184540.3069983,38,1696184540,305866479,GPS1_Frame,42.33409118652344,-71.09650421142578,29.200000762939453,327279.96875,4688999.5,19,T
1696184541.3193052,39,1696184541,318184375,GPS1_Frame,42.33409118652344,-71.09650421142578,29.200000762939453,327279.96875,4688999.5,19,T
1696184542.3125668,40,1696184542,311683416,GPS1_Frame,42.33409118652344,-71.09650421142578,29.200000762939453,327279.96875,4688999.5,19,T
1696184543.3169854,41,1696184543,315848588,GPS1_Frame,42.33409118652344,-71.09650421142578,29.200000762939453,327279.96875,4688999.5,19,T
1696184544.317591,42,1696184544,316315412,GPS1_Frame,42.33409118652344,-71.09650421142578,29.200000762939453,327279.96875,4688999.5,19,T
1696184545.3360178,43,1696184545,334906339,GPS1_Frame,42.33409118652344,-71.09650421142578,29.200000762939453,327279.96875,4688999.5,19,T
1696184546.313431,44,1696184546,312302112,GPS1_Frame,42.33409118652344,-71.09650421142578,29.200000762939453,327279.96875,4688999.5,19,T
1696184547.3075988,45,1696184547,306541681,GPS1_Frame,42.33409118652344,-71.09650421142578,29.200000762939453,327279.96875,4688999.5,19,T
1696184548.3169801,46,1696184548,315783262,GPS1_Frame,42.33409118652344,-71.09650421142578,29.200000762939453,327279.96875,4688999.5,19,T
1696184549.3132293,47,1696184549,312149524,GPS1_Frame,42.33409118652344,-71.09650421142578,29.200000762939453,327279.96875,4688999.5,19,T
1696184550.3133347,48,1696184550,312170505,GPS1_Frame,42.33409118652344,-71.09650421142578,29.200000762939453,327279.96875,4688999.5,19,T
1696184551.329945,49,1696184551,328796863,GPS1_Frame,42.33409118652344,-71.09650421142578,29.200000762939453,327279.96875,4688999.5,19,T
1696184552.3365772,50,1696184552,335420846,GPS1_Frame,42.33409118652344,-71.09650421142578,29.200000762939453,327279.96875,4688999.5,19,T
1696184553.3357294,51,1696184553,334651947,GPS1_Frame,42.33409118652344,-71.09650421142578,29.200000762939453,327280.09375,4688999.5,19,T
1696184554.333831,52,1696184554,332785606,GPS1_Frame,42.33409118652344,-71.09650421142578,29.200000762939453,327280.09375,4688999.5,19,T
1696184555.3361835,53,1696184555,335081577,GPS1_Frame,42.33409118652344,-71.09650421142578,29.200000762939453,327280.09375,4688999.5,19,T
1696184556.3166275,54,1696184556,315502643,GPS1_Frame,42.33409118652344,-71.09650421142578,29.200000762939453,327280.09375,4688999.5,19,T
1696184557.306541,55,1696184557,305448770,GPS1_Frame,42.33409118652344,-71.09650421142578,29.100000381469727,327280.09375,4688999.5,19,T
1696184558.3130486,56,1696184558,311939001,GPS1_Frame,42.33409118652344,-71.09650421142578,29.100000381469727,327280.09375,4688999.5,19,T
1696184559.3071542,57,1696184559,306020975,GPS1_Frame,42.33409118652344,-71.09650421142578,29.100000381469727,327280.09375,4688999.5,19,T
1696184560.316229,58,1696184560,315150022,GPS1_Frame,42.33409118652344,-71.09650421142578,29.100000381469727,327280.09375,4688999.5,19,T
1696184561.3131375,59,1696184561,312037467,GPS1_Frame,42.33409118652344,-71.09650421142578,29.100000381469727,327280.09375,4688999.5,19,T
1696184562.3160615,60,1696184562,315055608,GPS1_Frame,42.33409118652344,-71.09650421142578,29.100000381469727,327280.09375,4688999.5,19,T
1696184563.3081107,61,1696184563,306911468,GPS1_Frame,42.33408737182617,-71.09650421142578,29.100000381469727,327280.09375,4688999.5,19,T
1696184564.3069377,62,1696184564,305799245,GPS1_Frame,42.33408737182617,-71.09650421142578,29.100000381469727,327280.09375,4688999.5,19,T
1696184565.3064396,63,1696184565,305272817,GPS1_Frame,42.33408737182617,-71.09650421142578,29.100000381469727,327280.09375,4688999.5,19,T
1696184566.313284,64,1696184566,312201499,GPS1_Frame,42.33408737182617,-71.09650421142578,29.100000381469727,327280.09375,4688999.5,19,T
1696184567.3139193,65,1696184567,312816381,GPS1_Frame,42.33408737182617,-71.09650421142578,29.100000381469727,327280.09375,4688999.5,19,T
1696184568.3139064,66,1696184568,312730550,GPS1_Frame,42.33408737182617,-71.09650421142578,29.100000381469727,327280.09375,4688999.5,19,T
1696184569.3071206,67,1696184569,306036233,GPS1_Frame,42.33408737182617,-71.09650421142578,29.100000381469727,327280.09375,4688999.5,19,T
1696184570.3131616,68,1696184570,312040090,GPS1_Frame,42.33408737182617,-71.09650421142578,29.100000381469727,327280.09375,4688999.5,19,T
1696184571.3350651,69,1696184571,334156751,GPS1_Frame,42.33408737182617,-71.09650421142578,29.100000381469727,327280.09375,4688999.5,19,T
1696184572.3359365,70,1696184572,334848165,GPS1_Frame,42.33408737182617,-71.09650421142578,29.100000381469727,327280.09375,4688999.5,19,T
1696184573.3163896,71,1696184573,315253496,GPS1_Frame,42.33408737182617,-71.09650421142578,29.100000381469727,327280.09375,4688999.5,19,T
1696184574.3167715,72,1696184574,315650463,GPS1_Frame,42.33408737182617,-71.09650421142578,29.100000381469727,327280.09375,4688999.5,19,T
1696184575.3360507,73,1696184575,334938049,GPS1_Frame,42.33408737182617,-71.09650421142578,29.100000381469727,327280.09375,4688999.5,19,T
1696184576.3069086,74,1696184576,305747747,GPS1_Frame,42.33408737182617,-71.09650421142578,29.100000381469727,327280.09375,4688999.5,19,T
1696184577.33365,75,1696184577,332538843,GPS1_Frame,42.33408737182617,-71.09650421142578,29.100000381469727,327280.09375,4688999.5,19,T
1696184578.329456,76,1696184578,328349113,GPS1_Frame,42.33408737182617,-71.09650421142578,29.100000381469727,327280.09375,4688999.5,19,T
1696184579.3369594,77,1696184579,335805654,GPS1_Frame,42.33408737182617,-71.09650421142578,29.100000381469727,327280.09375,4688999.5,19,T
1696184580.336949,78,1696184580,335817813,GPS1_Frame,42.33408737182617,-71.09650421142578,29.100000381469727,327280.09375,4688999.5,19,T
1696184581.306634,79,1696184581,305465936,GPS1_Frame,42.33408737182617,-71.09650421142578,29.100000381469727,327280.09375,4688999.5,19,T
1696184582.31319,80,1696184582,312075376,GPS1_Frame,42.33408737182617,-71.09650421142578,29.100000381469727,327280.09375,4688999.5,19,T
1696184583.313201,81,1696184583,312266826,GPS1_Frame,42.33408737182617,-71.09650421142578,29.100000381469727,327280.09375,4688999.5,19,T
1696184584.3357182,82,1696184584,334602832,GPS1_Frame,42.33408737182617,-71.09650421142578,29.100000381469727,327280.09375,4688999.5,19,T
1696184585.31259,83,1696184585,311418771,GPS1_Frame,42.33408737182617,-71.09650421142578,29.100000381469727,327280.09375,4688999.5,19,T
1696184586.3141174,84,1696184586,313169717,GPS1_Frame,42.33408737182617,-71.09650421142578,29.100000381469727,327280.09375,4688999.5,19,T
1696184587.3145134,85,1696184587,313438177,GPS1_Frame,42.33408737182617,-71.09650421142578,29.100000381469727,327280.09375,4688999.5,19,T
1696184588.3072844,86,1696184588,306121110,GPS1_Frame,42.33408737182617,-71.09650421142578,29.100000381469727,327280.09375,4688999.5,19,T
1696184589.3067775,87,1696184589,305678844,GPS1_Frame,42.33408737182617,-71.09650421142578,29.100000381469727,327280.09375,4688999.5,19,T
1696184590.3132212,88,1696184590,312105894,GPS1_Frame,42.33408737182617,-71.09650421142578,29.100000381469727,327280.09375,4688999.5,19,T
1696184591.3143919,89,1696184591,313297033,GPS1_Frame,42.33408737182617,-71.09650421142578,29.100000381469727,327280.09375,4688999.5,19,T
1696184592.3172803,90,1696184592,316146135,GPS1_Frame,42.33408737182617,-71.09650421142578,29.100000381469727,327280.09375,4688999.5,19,T
1696184593.314382,91,1696184593,313222408,GPS1_Frame,42.33408737182617,-71.09650421142578,29.100000381469727,327280.09375,4688999.5,19,T
1696184594.3144984,92,1696184594,313417673,GPS1_Frame,42.33408737182617,-71.09650421142578,29.100000381469727,327280.09375,4688999.5,19,T
1696184595.3299336,93,1696184595,328803777,GPS1_Frame,42.33408737182617,-71.09650421142578,29.100000381469727,327280.09375,4688999.5,19,T
1696184596.3182318,94,1696184596,317159175,GPS1_Frame,42.33408737182617,-71.09650421142578,29.100000381469727,327280.09375,4688999.5,19,T
1696184597.3172343,95,1696184597,316233396,GPS1_Frame,42.33408737182617,-71.09650421142578,29.100000381469727,327280.09375,4688999.5,19,T
1696184598.318425,96,1696184598,317377090,GPS1_Frame,42.33408737182617,-71.09650421142578,29.100000381469727,327280.09375,4688999.5,19,T
1696184599.3191292,97,1696184599,317954301,GPS1_Frame,42.33408737182617,-71.09650421142578,29.100000381469727,327280.09375,4688999.5,19,T
1696184600.3048031,98,1696184600,303560256,GPS1_Frame,42.33408737182617,-71.09650421142578,29.100000381469727,327280.09375,4688999.5,19,T
1696184601.3375716,99,1696184601,336440801,GPS1_Frame,42.33408737182617,-71.09650421142578,29.0,327280.09375,4688999.5,19,T
1696184602.337259,100,1696184602,336166381,GPS1_Frame,42.33408737182617,-71.09650421142578,29.0,327280.09375,4688999.5,19,T
1696184603.3381712,101,1696184603,337066888,GPS1_Frame,42.33408737182617,-71.09650421142578,29.0,327280.09375,4688999.5,19,T
1696184604.3385065,102,1696184604,337415456,GPS1_Frame,42.33408737182617,-71.09650421142578,29.0,327280.09375,4688999.5,19,T
1696184605.307809,103,1696184605,306718826,GPS1_Frame,42.33408737182617,-71.09650421142578,29.0,327280.09375,4688999.5,19,T
1696184606.3371923,104,1696184606,336057186,GPS1_Frame,42.33408737182617,-71.09650421142578,29.0,327280.09375,4688999.5,19,T
1696184607.3182263,105,1696184607,317097663,GPS1_Frame,42.33408737182617,-71.09650421142578,29.0,327280.09375,4688999.5,19,T
1696184608.3185523,106,1696184608,317414045,GPS1_Frame,42.33408737182617,-71.09650421142578,29.0,327280.09375,4688999.5,19,T
1696184609.3146038,107,1696184609,313448667,GPS1_Frame,42.33408737182617,-71.09650421142578,29.0,327280.09375,4688999.5,19,T
1696184610.3147178,108,1696184610,313566207,GPS1_Frame,42.33408737182617,-71.09650421142578,29.0,327280.09375,4688999.5,19,T
1696184611.31867,109,1696184611,317559480,GPS1_Frame,42.33408737182617,-71.09650421142578,29.0,327280.09375,4688999.5,19,T
1696184612.318433,110,1696184612,317289113,GPS1_Frame,42.33408737182617,-71.09650421142578,29.0,327280.09375,4688999.5,19,T
1696184613.3141146,111,1696184613,312901258,GPS1_Frame,42.33408737182617,-71.09650421142578,29.0,327280.09375,4688999.5,19,T
1696184614.3129404,112,1696184614,311822652,GPS1_Frame,42.33408737182617,-71.09650421142578,29.0,327280.09375,4688999.5,19,T
1696184615.311993,113,1696184615,310834407,GPS1_Frame,42.33408737182617,-71.09650421142578,29.0,327280.09375,4688999.5,19,T
1696184616.313059,114,1696184616,311961174,GPS1_Frame,42.33408737182617,-71.09650421142578,29.0,327280.09375,4688999.5,19,T
1696184617.3130107,115,1696184617,312057495,GPS1_Frame,42.33408737182617,-71.09650421142578,29.0,327280.09375,4688999.5,19,T
1696184618.3128226,116,1696184618,311699628,GPS1_Frame,42.33408737182617,-71.09650421142578,29.0,327280.09375,4688999.5,19,T
1696184619.3134046,117,1696184619,312320470,GPS1_Frame,42.33408737182617,-71.09650421142578,29.0,327280.09375,4688999.5,19,T
1696184620.314041,118,1696184620,312959671,GPS1_Frame,42.33408737182617,-71.09650421142578,29.0,327280.09375,4688999.5,19,T
1696184621.3350031,119,1696184621,333818674,GPS1_Frame,42.33408737182617,-71.09650421142578,29.0,327280.09375,4688999.5,19,T
1696184622.335504,120,1696184622,334405660,GPS1_Frame,42.33408737182617,-71.09650421142578,29.0,327280.09375,4688999.5,19,T
1696184623.3053007,121,1696184623,304194450,GPS1_Frame,42.33408737182617,-71.09650421142578,29.0,327280.09375,4688999.5,19,T
1696184624.3112364,122,1696184624,310146093,GPS1_Frame,42.33408737182617,-71.09650421142578,29.0,327280.09375,4688999.0,19,T
1696184625.3333297,123,1696184625,332172870,GPS1_Frame,42.33408737182617,-71.09650421142578,29.0,327280.09375,4688999.0,19,T
1696184626.3117628,124,1696184626,310673713,GPS1_Frame,42.33408737182617,-71.09650421142578,29.0,327280.09375,4688999.0,19,T
1696184627.3132336,125,1696184627,312048673,GPS1_Frame,42.33408737182617,-71.09650421142578,29.0,327280.09375,4688999.0,19,T
1696184628.335477,126,1696184628,334346771,GPS1_Frame,42.33408737182617,-71.09650421142578,29.0,327280.09375,4688999.0,19,T
1696184629.333211,127,1696184629,332133769,GPS1_Frame,42.33408737182617,-71.09650421142578,29.0,327280.09375,4688999.0,19,T
1696184630.3300066,128,1696184630,328917980,GPS1_Frame,42.33408737182617,-71.09650421142578,29.0,327280.09375,4688999.0,19,T
1696184631.3047967,129,1696184631,303631782,GPS1_Frame,42.33408737182617,-71.09650421142578,29.0,327280.09375,4688999.0,19,T
1696184632.3350308,130,1696184632,334004878,GPS1_Frame,42.33408737182617,-71.09650421142578,29.0,327280.09375,4688999.0,19,T
1696184633.312181,131,1696184633,311047077,GPS1_Frame,42.33408737182617,-71.09650421142578,29.0,327280.09375,4688999.0,19,T
1696184634.334435,132,1696184634,333264112,GPS1_Frame,42.33408737182617,-71.09650421142578,29.0,327280.09375,4688999.0,19,T
1696184635.313047,133,1696184635,311864852,GPS1_Frame,42.33408737182617,-71.09650421142578,29.0,327280.09375,4688999.0,19,T
1696184636.30417,134,1696184636,303019046,GPS1_Frame,42.33408737182617,-71.09650421142578,29.0,327280.09375,4688999.0,19,T
1696184637.3147159,135,1696184637,313572883,GPS1_Frame,42.33408737182617,-71.09650421142578,29.0,327280.09375,4688999.0,19,T
1696184638.314167,136,1696184638,313003540,GPS1_Frame,42.33408737182617,-71.09650421142578,28.899999618530273,327280.09375,4688999.0,19,T
1696184639.314581,137,1696184639,313480377,GPS1_Frame,42.33408737182617,-71.09650421142578,28.899999618530273,327280.09375,4688999.0,19,T
1696184640.3184068,138,1696184640,317296981,GPS1_Frame,42.33408737182617,-71.09650421142578,28.899999618530273,327280.09375,4688999.0,19,T
1696184641.3147626,139,1696184641,313620805,GPS1_Frame,42.33408737182617,-71.09650421142578,28.899999618530273,327280.09375,4688999.0,19,T
1696184642.313892,140,1696184642,312732696,GPS1_Frame,42.33408737182617,-71.09650421142578,28.899999618530273,327280.21875,4688999.0,19,T
1696184643.314509,141,1696184643,313376665,GPS1_Frame,42.33408737182617,-71.09650421142578,28.899999618530273,327280.21875,4688999.0,19,T
1696184644.3150904,142,1696184644,313947200,GPS1_Frame,42.33408737182617,-71.09650421142578,28.899999618530273,327280.21875,4688999.0,19,T
1696184645.3110156,143,1696184645,309841632,GPS1_Frame,42.33408737182617,-71.09650421142578,28.899999618530273,327280.21875,4688999.0,19,T
1696184646.3332658,144,1696184646,332209587,GPS1_Frame,42.33408737182617,-71.09650421142578,28.899999618530273,327280.21875,4688999.0,19,T
1696184647.3050828,145,1696184647,304022550,GPS1_Frame,42.334083557128906,-71.09650421142578,28.899999618530273,327280.21875,4688999.0,19,T
1696184648.3117614,146,1696184648,310714483,GPS1_Frame,42.334083557128906,-71.09650421142578,28.899999618530273,327280.21875,4688999.0,19,T
1696184649.3147166,147,1696184649,313669204,GPS1_Frame,42.334083557128906,-71.09650421142578,28.899999618530273,327280.21875,4688999.0,19,T
1696184650.31149,148,1696184650,310397148,GPS1_Frame,42.334083557128906,-71.09650421142578,28.899999618530273,327280.21875,4688999.0,19,T
1696184651.312516,149,1696184651,311392545,GPS1_Frame,42.334083557128906,-71.09650421142578,28.899999618530273,327280.21875,4688999.0,19,T
1696184652.334349,150,1696184652,333277702,GPS1_Frame,42.334083557128906,-71.09650421142578,28.899999618530273,327280.21875,4688999.0,19,T
1696184653.3301804,151,1696184653,329116821,GPS1_Frame,42.334083557128906,-71.09650421142578,28.899999618530273,327280.21875,4688999.0,19,T
1696184654.3359234,152,1696184654,334800243,GPS1_Frame,42.334083557128906,-71.09650421142578,28.799999237060547,327280.21875,4688999.0,19,T
1696184655.336986,153,1696184655,335844755,GPS1_Frame,42.334083557128906,-71.09650421142578,28.799999237060547,327280.21875,4688999.0,19,T
1696184656.3375232,154,1696184656,336399316,GPS1_Frame,42.334083557128906,-71.09650421142578,28.799999237060547,327280.21875,4688999.0,19,T
1696184657.314014,155,1696184657,312872886,GPS1_Frame,42.334083557128906,-71.09650421142578,28.799999237060547,327280.21875,4688999.0,19,T
1696184658.3144908,156,1696184658,313376188,GPS1_Frame,42.334083557128906,-71.09650421142578,28.799999237060547,327280.21875,4688999.0,19,T
1696184659.3147702,157,1696184659,313683509,GPS1_Frame,42.334083557128906,-71.09650421142578,28.799999237060547,327280.21875,4688999.0,19,T
1696184660.3073626,158,1696184660,306230306,GPS1_Frame,42.334083557128906,-71.09650421142578,28.799999237060547,327280.21875,4688999.0,19,T
1696184661.3134062,159,1696184661,312265634,GPS1_Frame,42.334083557128906,-71.09650421142578,28.799999237060547,327280.21875,4688999.0,19,T
1696184662.313125,160,1696184662,312060832,GPS1_Frame,42.334083557128906,-71.09650421142578,28.799999237060547,327280.21875,4688999.0,19,T
1696184663.3137052,161,1696184663,312656402,GPS1_Frame,42.334083557128906,-71.09650421142578,28.799999237060547,327280.21875,4688999.0,19,T
1696184664.3144884,162,1696184664,313551187,GPS1_Frame,42.334083557128906,-71.09650421142578,28.799999237060547,327280.21875,4688999.0,19,T
1696184665.3143988,163,1696184665,313329219,GPS1_Frame,42.334083557128906,-71.09650421142578,28.799999237060547,327280.21875,4688999.0,19,T
1696184666.3137493,164,1696184666,312656879,GPS1_Frame,42.334083557128906,-71.09650421142578,28.700000762939453,327280.21875,4688999.0,19,T
1696184667.3141358,165,1696184667,313077211,GPS1_Frame,42.334083557128906,-71.09650421142578,28.700000762939453,327280.21875,4688999.0,19,T
1696184668.3145123,166,1696184668,313425302,GPS1_Frame,42.334083557128906,-71.09650421142578,28.700000762939453,327280.21875,4688999.0,19,T
1696184669.31469,167,1696184669,313632249,GPS1_Frame,42.334083557128906,-71.09650421142578,28.700000762939453,327280.21875,4688999.0,19,T
1696184670.3150747,168,1696184670,313993215,GPS1_Frame,42.334083557128906,-71.09650421142578,28.700000762939453,327280.21875,4688999.0,19,T
1696184671.3275287,169,1696184671,326440811,GPS1_Frame,42.334083557128906,-71.09650421142578,28.700000762939453,327280.21875,4688999.0,19,T
1696184672.312963,170,1696184672,311857700,GPS1_Frame,42.334083557128906,-71.09650421142578,28.700000762939453,327280.21875,4688999.0,19,T
1696184673.3344462,171,1696184673,333233833,GPS1_Frame,42.334083557128906,-71.09650421142578,28.700000762939453,327280.21875,4688999.0,19,T
1696184674.311842,172,1696184674,310727357,GPS1_Frame,42.334083557128906,-71.09650421142578,28.700000762939453,327280.21875,4688999.0,19,T
1696184675.3351376,173,1696184675,334003448,GPS1_Frame,42.334083557128906,-71.09650421142578,28.700000762939453,327280.21875,4688999.0,19,T
1696184676.3134096,174,1696184676,312272310,GPS1_Frame,42.334083557128906,-71.09650421142578,28.700000762939453,327280.21875,4688999.0,19,T
1696184677.3050978,175,1696184677,303982019,GPS1_Frame,42.334083557128906,-71.09650421142578,28.700000762939453,327280.21875,4688999.0,19,T
1696184678.3334758,176,1696184678,332352876,GPS1_Frame,42.334083557128906,-71.09650421142578,28.700000762939453,327280.21875,4688999.0,19,T
1696184679.326249,177,1696184679,325337171,GPS1_Frame,42.334083557128906,-71.09650421142578,28.600000381469727,327280.21875,4688999.0,19,T
1696184680.3344693,178,1696184680,333399295,GPS1_Frame,42.334083557128906,-71.09650421142578,28.600000381469727,327280.21875,4688999.0,19,T
1696184681.3148983,179,1696184681,313800096,GPS1_Frame,42.334083557128906,-71.09650421142578,28.600000381469727,327280.21875,4688999.0,19,T
1696184682.307707,180,1696184682,306629180,GPS1_Frame,42.334083557128906,-71.09649658203125,28.600000381469727,327280.34375,4688999.0,19,T
1696184683.3371007,181,1696184683,336017131,GPS1_Frame,42.334083557128906,-71.09649658203125,28.600000381469727,327280.34375,4688999.0,19,T
1696184684.3080437,182,1696184684,306967973,GPS1_Frame,42.334083557128906,-71.09649658203125,28.600000381469727,327280.34375,4688999.0,19,T
1696184685.3363862,183,1696184685,335268020,GPS1_Frame,42.334083557128906,-71.09649658203125,28.600000381469727,327280.34375,4688999.0,19,T
1696184686.3139024,184,1696184686,312873363,GPS1_Frame,42.334083557128906,-71.09649658203125,28.600000381469727,327280.34375,4688999.0,19,T
1696184687.315481,185,1696184687,314413547,GPS1_Frame,42.334083557128906,-71.09649658203125,28.600000381469727,327280.34375,4688999.0,19,T
1696184688.3127897,186,1696184688,311657905,GPS1_Frame,42.33407974243164,-71.09649658203125,28.100000381469727,327280.625,4688998.0,19,T
1696184689.3193674,187,1696184689,318263053,GPS1_Frame,42.33407974243164,-71.09649658203125,28.100000381469727,327280.625,4688998.0,19,T
1696184690.3152122,188,1696184690,314057588,GPS1_Frame,42.33407974243164,-71.09649658203125,28.100000381469727,327280.625,4688998.0,19,T
1696184691.3185625,189,1696184691,317437410,GPS1_Frame,42.33407974243164,-71.09649658203125,28.100000381469727,327280.625,4688998.0,19,T
1696184692.3156257,190,1696184692,314643621,GPS1_Frame,42.33407974243164,-71.09649658203125,28.100000381469727,327280.625,4688998.0,19,T
1696184693.3114982,191,1696184693,310404300,GPS1_Frame,42.33407974243164,-71.09649658203125,28.100000381469727,327280.625,4688998.0,19,T
1696184694.315656,192,1696184694,314650535,GPS1_Frame,42.33407974243164,-71.09649658203125,28.100000381469727,327280.625,4688998.0,19,T
1696184695.3192832,193,1696184695,318222999,GPS1_Frame,42.33407974243164,-71.09649658203125,28.100000381469727,327280.625,4688998.0,19,T
1696184696.3305898,194,1696184696,329488754,GPS1_Frame,42.33407974243164,-71.09649658203125,28.100000381469727,327280.625,4688998.0,19,T
1696184697.3155413,195,1696184697,314422369,GPS1_Frame,42.33407974243164,-71.09649658203125,28.100000381469727,327280.625,4688998.0,19,T
1696184698.308687,196,1696184698,307541847,GPS1_Frame,42.33407974243164,-71.09649658203125,28.100000381469727,327280.625,4688998.0,19,T
1696184699.3200095,197,1696184699,318908214,GPS1_Frame,42.33407974243164,-71.09649658203125,28.100000381469727,327280.625,4688998.0,19,T
1696184700.318875,198,1696184700,317787170,GPS1_Frame,42.33407974243164,-71.09649658203125,28.100000381469727,327280.625,4688998.0,19,T
1696184701.3063297,199,1696184701,305255651,GPS1_Frame,42.33407974243164,-71.09649658203125,28.100000381469727,327280.625,4688998.0,19,T
1696184702.3121471,200,1696184702,311082601,GPS1_Frame,42.33407974243164,-71.09649658203125,28.100000381469727,327280.625,4688998.0,19,T
1696184703.3374386,201,1696184703,336386442,GPS1_Frame,42.33407974243164,-71.09649658203125,28.100000381469727,327280.625,4688998.0,19,T
1696184704.3375661,202,1696184704,336565494,GPS1_Frame,42.33407974243164,-71.09649658203125,28.100000381469727,327280.625,4688998.0,19,T
1696184705.337275,203,1696184705,336212635,GPS1_Frame,42.33407974243164,-71.09649658203125,28.0,327280.625,4688998.0,19,T
1696184706.3375323,204,1696184706,336415290,GPS1_Frame,42.33407974243164,-71.09649658203125,28.0,327280.625,4688998.0,19,T
1696184707.3373861,205,1696184707,336515903,GPS1_Frame,42.33407974243164,-71.09649658203125,28.0,327280.625,4688998.0,19,T
1696184708.3084857,206,1696184708,307331085,GPS1_Frame,42.33407974243164,-71.09649658203125,28.0,327280.625,4688998.0,19,T
1696184709.3081858,207,1696184709,307128667,GPS1_Frame,42.334075927734375,-71.09649658203125,28.0,327280.59375,4688998.0,19,T
1696184710.3081725,208,1696184710,307083845,GPS1_Frame,42.334075927734375,-71.09649658203125,28.0,327280.59375,4688998.0,19,T
1696184711.316195,209,1696184711,315137386,GPS1_Frame,42.334075927734375,-71.09649658203125,28.0,327280.59375,4688998.0,19,T
1696184712.3201582,210,1696184712,319036722,GPS1_Frame,42.334075927734375,-71.09649658203125,28.0,327280.59375,4688998.0,19,T
1696184713.3161373,211,1696184713,315068006,GPS1_Frame,42.334075927734375,-71.09649658203125,28.0,327280.59375,4688998.0,19,T
1696184714.315616,212,1696184714,314592599,GPS1_Frame,42.334075927734375,-71.09649658203125,28.0,327280.59375,4688998.0,19,T
1696184715.316003,213,1696184715,314982414,GPS1_Frame,42.334075927734375,-71.09649658203125,28.0,327280.59375,4688998.0,19,T
1696184716.3195367,214,1696184716,318497896,GPS1_Frame,42.334075927734375,-71.09649658203125,28.0,327280.75,4688998.0,19,T
1696184717.315762,215,1696184717,314702033,GPS1_Frame,42.334075927734375,-71.09649658203125,28.0,327280.75,4688998.0,19,T
1696184718.3196719,216,1696184718,318342924,GPS1_Frame,42.334075927734375,-71.09649658203125,28.0,327280.75,4688998.0,19,T
1696184719.3198745,217,1696184719,318804740,GPS1_Frame,42.334075927734375,-71.09649658203125,28.0,327280.75,4688998.0,19,T
1696184720.3196723,218,1696184720,318514585,GPS1_Frame,42.334075927734375,-71.09649658203125,28.0,327280.75,4688998.0,19,T
1696184721.3090792,219,1696184721,307863235,GPS1_Frame,42.334075927734375,-71.09649658203125,28.0,327280.75,4688998.0,19,T
1696184722.3373282,220,1696184722,336194992,GPS1_Frame,42.334075927734375,-71.09649658203125,28.0,327280.75,4688998.0,19,T
1696184723.316252,221,1696184723,315123558,GPS1_Frame,42.334075927734375,-71.09649658203125,28.0,327280.75,4688998.0,19,T
1696184724.3393228,222,1696184724,338191986,GPS1_Frame,42.334075927734375,-71.09649658203125,28.0,327280.75,4688998.0,19,T
1696184725.3092413,223,1696184725,308154106,GPS1_Frame,42.334075927734375,-71.09649658203125,28.0,327280.75,4688998.0,19,T
1696184726.3380525,224,1696184726,336878299,GPS1_Frame,42.334075927734375,-71.09649658203125,28.0,327280.75,4688998.0,19,T
1696184727.3164196,225,1696184727,315323114,GPS1_Frame,42.334075927734375,-71.09649658203125,28.0,327280.75,4688998.0,19,T
1696184728.3151553,226,1696184728,314050197,GPS1_Frame,42.334075927734375,-71.09649658203125,28.0,327280.75,4688998.0,19,T
1696184729.3362007,227,1696184729,335077285,GPS1_Frame,42.334075927734375,-71.09649658203125,28.0,327280.75,4688998.0,19,T
1696184730.3349495,228,1696184730,333800792,GPS1_Frame,42.334075927734375,-71.09649658203125,28.0,327280.75,4688998.0,19,T
1696184731.3363826,229,1696184731,335200071,GPS1_Frame,42.33407211303711,-71.09649658203125,27.799999237060547,327280.875,4688997.5,19,T
1696184732.314424,230,1696184732,313241004,GPS1_Frame,42.33407211303711,-71.09649658203125,27.799999237060547,327280.875,4688997.5,19,T
1696184733.313417,231,1696184733,312314510,GPS1_Frame,42.33407211303711,-71.09649658203125,27.799999237060547,327280.875,4688997.5,19,T
1696184734.3385308,232,1696184734,337324380,GPS1_Frame,42.33407211303711,-71.09649658203125,27.799999237060547,327280.875,4688997.5,19,T
1696184735.315968,233,1696184735,314827442,GPS1_Frame,42.33407211303711,-71.09649658203125,27.799999237060547,327280.875,4688997.5,19,T
1696184736.33516,234,1696184736,334198474,GPS1_Frame,42.334068298339844,-71.09649658203125,27.700000762939453,327280.875,4688997.5,19,T
1696184737.3063548,235,1696184737,305141925,GPS1_Frame,42.334068298339844,-71.09649658203125,27.700000762939453,327280.875,4688997.0,19,T
1696184738.3132143,236,1696184738,312043190,GPS1_Frame,42.334068298339844,-71.09649658203125,27.700000762939453,327280.875,4688997.0,19,T
1696184739.307696,237,1696184739,306566476,GPS1_Frame,42.334068298339844,-71.09649658203125,27.700000762939453,327280.875,4688997.0,19,T
1696184740.314696,238,1696184740,313585519,GPS1_Frame,42.334068298339844,-71.09649658203125,27.700000762939453,327280.875,4688997.0,19,T
1696184741.3136718,239,1696184741,312507152,GPS1_Frame,42.334068298339844,-71.09649658203125,27.700000762939453,327280.875,4688997.0,19,T
1696184742.3207242,240,1696184742,319554090,GPS1_Frame,42.334068298339844,-71.09649658203125,27.700000762939453,327280.875,4688997.0,19,T
1696184743.3199625,241,1696184743,318883180,GPS1_Frame,42.334068298339844,-71.09649658203125,27.700000762939453,327280.875,4688997.0,19,T
1696184744.3095381,242,1696184744,308458089,GPS1_Frame,42.334068298339844,-71.09649658203125,27.700000762939453,327280.875,4688997.0,19,T
1696184745.3094556,243,1696184745,308420896,GPS1_Frame,42.334068298339844,-71.09649658203125,27.700000762939453,327280.875,4688997.0,19,T
1696184746.3090549,244,1696184746,308128356,GPS1_Frame,42.334068298339844,-71.09649658203125,27.700000762939453,327280.875,4688997.0,19,T
1696184747.3360858,245,1696184747,335046052,GPS1_Frame,42.33406448364258,-71.09649658203125,27.700000762939453,327280.71875,4688996.5,19,T
1696184748.3219388,246,1696184748,320859670,GPS1_Frame,42.33406448364258,-71.09649658203125,27.700000762939453,327280.71875,4688996.5,19,T
1696184749.3068922,247,1696184749,305763006,GPS1_Frame,42.33406066894531,-71.09649658203125,27.700000762939453,327280.71875,4688996.5,19,T
1696184750.3145287,248,1696184750,313416242,GPS1_Frame,42.33406066894531,-71.09649658203125,27.700000762939453,327280.71875,4688996.5,19,T
1696184751.314226,249,1696184751,313149452,GPS1_Frame,42.33406066894531,-71.09649658203125,27.700000762939453,327280.71875,4688996.5,19,T
1696184752.3131373,250,1696184752,312098264,GPS1_Frame,42.33406066894531,-71.09649658203125,27.700000762939453,327280.71875,4688996.5,19,T
1696184753.3103974,251,1696184753,309312582,GPS1_Frame,42.33406066894531,-71.09649658203125,27.700000762939453,327280.71875,4688996.5,19,T
1696184754.3142507,252,1696184754,313210964,GPS1_Frame,42.33406066894531,-71.09649658203125,27.700000762939453,327280.71875,4688996.5,19,T
1696184755.3072212,253,1696184755,306180000,GPS1_Frame,42.33406066894531,-71.09649658203125,27.700000762939453,327280.71875,4688996.5,19,T
1696184756.3301532,254,1696184756,329086780,GPS1_Frame,42.33406066894531,-71.09649658203125,27.700000762939453,327280.71875,4688996.5,19,T
1696184757.336988,255,1696184757,335865974,GPS1_Frame,42.33406066894531,-71.09649658203125,27.700000762939453,327280.71875,4688996.5,19,T
1696184758.33652,256,1696184758,335639476,GPS1_Frame,42.33406066894531,-71.09649658203125,27.700000762939453,327280.71875,4688996.5,19,T
1696184759.33973,257,1696184759,338660240,GPS1_Frame,42.33406066894531,-71.09649658203125,27.700000762939453,327280.71875,4688996.5,19,T
1696184760.3396494,258,1696184760,338556051,GPS1_Frame,42.33406066894531,-71.09649658203125,27.700000762939453,327280.71875,4688996.5,19,T
1696184761.3145928,259,1696184761,313508749,GPS1_Frame,42.33406066894531,-71.09649658203125,27.700000762939453,327280.71875,4688996.5,19,T
1696184762.3130836,260,1696184762,311969041,GPS1_Frame,42.33406066894531,-71.09649658203125,27.700000762939453,327280.71875,4688996.5,19,T
1696184763.3135812,261,1696184763,312485933,GPS1_Frame,42.33406066894531,-71.09649658203125,27.700000762939453,327280.71875,4688996.5,19,T
1696184764.3148465,262,1696184764,313730955,GPS1_Frame,42.33406066894531,-71.09649658203125,27.700000762939453,327280.71875,4688996.5,19,T
1696184765.316288,263,1696184765,315176725,GPS1_Frame,42.33406066894531,-71.09649658203125,27.700000762939453,327280.71875,4688996.5,19,T
1696184766.3158612,264,1696184766,314709424,GPS1_Frame,42.33406066894531,-71.09649658203125,27.700000762939453,327280.71875,4688996.5,19,T
1696184767.310796,265,1696184767,309687852,GPS1_Frame,42.33406066894531,-71.09649658203125,27.700000762939453,327280.71875,4688996.5,19,T
1696184768.310895,266,1696184768,309789419,GPS1_Frame,42.33406066894531,-71.09649658203125,27.700000762939453,327280.71875,4688996.5,19,T
1696184769.3095345,267,1696184769,308435201,GPS1_Frame,42.33406066894531,-71.09649658203125,27.700000762939453,327280.71875,4688996.5,19,T
1696184770.3199937,268,1696184770,318895101,GPS1_Frame,42.33406066894531,-71.09649658203125,27.700000762939453,327280.71875,4688996.5,19,T
1696184771.3210094,269,1696184771,319757461,GPS1_Frame,42.33406066894531,-71.09649658203125,27.700000762939453,327280.71875,4688996.5,19,T
1696184772.3402855,270,1696184772,339208841,GPS1_Frame,42.33406066894531,-71.09649658203125,27.700000762939453,327280.71875,4688996.5,19,T
1696184773.30632,271,1696184773,305238246,GPS1_Frame,42.33406066894531,-71.09649658203125,27.700000762939453,327280.71875,4688996.5,19,T
1696184774.3136144,272,1696184774,312476158,GPS1_Frame,42.33406066894531,-71.09649658203125,27.700000762939453,327280.5625,4688996.5,19,T
1696184775.3378053,273,1696184775,336671113,GPS1_Frame,42.33406066894531,-71.09649658203125,27.700000762939453,327280.5625,4688996.5,19,T
1696184776.3169613,274,1696184776,315798997,GPS1_Frame,42.33406066894531,-71.09649658203125,27.700000762939453,327280.5625,4688996.5,19,T
1696184777.3374639,275,1696184777,336357116,GPS1_Frame,42.33406066894531,-71.09649658203125,27.700000762939453,327280.5625,4688996.5,19,T
1696184778.3134482,276,1696184778,312343835,GPS1_Frame,42.33406066894531,-71.09649658203125,27.700000762939453,327280.5625,4688996.5,19,T
1696184779.3354836,277,1696184779,334400415,GPS1_Frame,42.33406066894531,-71.09649658203125,27.700000762939453,327280.5625,4688996.5,19,T
1696184780.3272762,278,1696184780,326215267,GPS1_Frame,42.33405685424805,-71.09649658203125,27.799999237060547,327280.5625,4688996.0,19,T
1696184781.3345942,279,1696184781,333468914,GPS1_Frame,42.33405685424805,-71.09649658203125,27.799999237060547,327280.5625,4688996.0,19,T
1696184782.3053372,280,1696184782,304227590,GPS1_Frame,42.33405685424805,-71.09649658203125,27.799999237060547,327280.5625,4688996.0,19,T
1696184783.320685,281,1696184783,319523334,GPS1_Frame,42.33405685424805,-71.09649658203125,27.799999237060547,327280.5625,4688996.0,19,T
1696184784.3370333,282,1696184784,335921525,GPS1_Frame,42.33405685424805,-71.09649658203125,27.799999237060547,327280.5625,4688996.0,19,T
1696184785.319946,283,1696184785,318819046,GPS1_Frame,42.33405685424805,-71.09649658203125,27.799999237060547,327280.5625,4688996.0,19,T
1696184786.3309119,284,1696184786,329838991,GPS1_Frame,42.33405685424805,-71.09649658203125,27.799999237060547,327280.5625,4688996.0,19,T
1696184787.309335,285,1696184787,308300733,GPS1_Frame,42.33405685424805,-71.09649658203125,27.799999237060547,327280.5625,4688996.0,19,T
1696184788.3170185,286,1696184788,315977573,GPS1_Frame,42.33405685424805,-71.09649658203125,27.799999237060547,327280.5625,4688996.0,19,T
1696184789.3165312,287,1696184789,315440416,GPS1_Frame,42.33405685424805,-71.09649658203125,27.799999237060547,327280.5625,4688996.0,19,T
1696184790.3170483,288,1696184790,315932989,GPS1_Frame,42.33405685424805,-71.09649658203125,27.799999237060547,327280.5625,4688996.0,19,T
1696184791.310698,289,1696184791,309571743,GPS1_Frame,42.33405685424805,-71.09649658203125,27.799999237060547,327280.5625,4688996.0,19,T
1696184792.3204436,290,1696184792,319354057,GPS1_Frame,42.33405685424805,-71.09649658203125,27.799999237060547,327280.5625,4688996.0,19,T
1696184793.3166513,291,1696184793,315576791,GPS1_Frame,42.33405685424805,-71.09649658203125,27.799999237060547,327280.5625,4688996.0,19,T
1696184794.3165724,292,1696184794,315484762,GPS1_Frame,42.33405685424805,-71.09649658203125,27.799999237060547,327280.5625,4688996.0,19,T
1696184795.3170538,293,1696184795,315960168,GPS1_Frame,42.33405685424805,-71.09649658203125,27.799999237060547,327280.5625,4688996.0,19,T
1696184796.3200588,294,1696184796,318978548,GPS1_Frame,42.33405685424805,-71.09649658203125,27.799999237060547,327280.5625,4688996.0,19,T
1696184797.3103108,295,1696184797,309212684,GPS1_Frame,42.33405685424805,-71.09649658203125,27.799999237060547,327280.5625,4688996.0,19,T
1696184798.3386412,296,1696184798,337495565,GPS1_Frame,42.33405685424805,-71.09649658203125,27.799999237060547,327280.5625,4688996.0,19,T
1696184799.3103926,297,1696184799,309296369,GPS1_Frame,42.33405685424805,-71.09649658203125,27.799999237060547,327280.5625,4688996.0,19,T
1696184800.3220832,298,1696184800,321148395,GPS1_Frame,42.33405685424805,-71.09649658203125,27.799999237060547,327280.5625,4688996.0,19,T
1696184801.3171568,299,1696184801,316052436,GPS1_Frame,42.33405685424805,-71.09649658203125,27.799999237060547,327280.5625,4688996.0,19,T
1696184802.3196034,300,1696184802,318677425,GPS1_Frame,42.33405685424805,-71.09649658203125,27.799999237060547,327280.5625,4688996.0,19,T
1696184803.3202505,301,1696184803,319127321,GPS1_Frame,42.33405685424805,-71.09649658203125,27.799999237060547,327280.5625,4688996.0,19,T
1696184804.3100066,302,1696184804,308875799,GPS1_Frame,42.33405685424805,-71.09649658203125,27.799999237060547,327280.5625,4688996.0,19,T
1696184805.3095348,303,1696184805,308466911,GPS1_Frame,42.33405685424805,-71.09649658203125,27.799999237060547,327280.5625,4688996.0,19,T
1696184806.338519,304,1696184806,337557077,GPS1_Frame,42.33405685424805,-71.09649658203125,27.799999237060547,327280.5625,4688996.0,19,T
1696184807.338677,305,1696184807,337741136,GPS1_Frame,42.33405685424805,-71.09649658203125,27.799999237060547,327280.5625,4688996.0,19,T
1696184808.3395674,306,1696184808,338133811,GPS1_Frame,42.33405685424805,-71.09649658203125,27.799999237060547,327280.5625,4688996.0,19,T
1696184809.317197,307,1696184809,316013574,GPS1_Frame,42.33405685424805,-71.09649658203125,27.799999237060547,327280.5625,4688996.0,19,T
1696184810.3378947,308,1696184810,336786746,GPS1_Frame,42.33405685424805,-71.09649658203125,27.799999237060547,327280.5625,4688996.0,19,T
1696184811.3394907,309,1696184811,338401079,GPS1_Frame,42.33405685424805,-71.09649658203125,27.799999237060547,327280.5625,4688996.0,19,T
1696184812.3203437,310,1696184812,319221496,GPS1_Frame,42.33405685424805,-71.09649658203125,27.799999237060547,327280.5625,4688996.0,19,T
1696184813.316638,311,1696184813,315462827,GPS1_Frame,42.33405685424805,-71.09649658203125,27.799999237060547,327280.5625,4688996.0,19,T
1696184814.3144157,312,1696184814,313295602,GPS1_Frame,42.33405685424805,-71.09649658203125,27.799999237060547,327280.5625,4688996.0,19,T
1696184815.305168,313,1696184815,304061651,GPS1_Frame,42.33405685424805,-71.09649658203125,27.799999237060547,327280.5625,4688996.0,19,T
1696184816.311853,314,1696184816,310759305,GPS1_Frame,42.33405685424805,-71.09649658203125,27.799999237060547,327280.5625,4688996.0,19,T
1696184817.3108492,315,1696184817,309800863,GPS1_Frame,42.33405685424805,-71.09649658203125,27.899999618530273,327280.5625,4688996.0,19,T
1696184818.3108575,316,1696184818,309778213,GPS1_Frame,42.33405685424805,-71.09649658203125,27.899999618530273,327280.5625,4688996.0,19,T
1696184819.311407,317,1696184819,310342311,GPS1_Frame,42.33405685424805,-71.09649658203125,27.899999618530273,327280.5625,4688996.0,19,T
1696184820.311969,318,1696184820,310950756,GPS1_Frame,42.33405685424805,-71.09649658203125,27.899999618530273,327280.5625,4688996.0,19,T
1696184821.3119733,319,1696184821,310913801,GPS1_Frame,42.33405685424805,-71.09649658203125,27.899999618530273,327280.5625,4688996.0,19,T
1696184822.3113627,320,1696184822,310081481,GPS1_Frame,42.33405685424805,-71.09649658203125,27.899999618530273,327280.5625,4688996.0,19,T
1696184823.3370922,321,1696184823,335984468,GPS1_Frame,42.33405685424805,-71.09649658203125,27.899999618530273,327280.5625,4688996.0,19,T
1696184824.316797,322,1696184824,315660238,GPS1_Frame,42.33405685424805,-71.09649658203125,27.899999618530273,327280.5625,4688996.0,19,T
1696184825.3147905,323,1696184825,313711881,GPS1_Frame,42.33405685424805,-71.09649658203125,27.899999618530273,327280.5625,4688996.0,19,T
1696184826.336171,324,1696184826,335073709,GPS1_Frame,42.33405685424805,-71.09649658203125,27.899999618530273,327280.5625,4688996.0,19,T
1696184827.3298666,325,1696184827,328800439,GPS1_Frame,42.33405685424805,-71.09649658203125,27.899999618530273,327280.5625,4688996.0,19,T
1696184828.3086073,326,1696184828,307473421,GPS1_Frame,42.33405685424805,-71.09649658203125,27.899999618530273,327280.5625,4688996.0,19,T
1696184829.3362827,327,1696184829,335184574,GPS1_Frame,42.33405685424805,-71.09649658203125,27.899999618530273,327280.5625,4688996.0,19,T
1696184830.3148987,328,1696184830,313698530,GPS1_Frame,42.33405685424805,-71.09649658203125,27.899999618530273,327280.5625,4688996.0,19,T
1696184831.3370783,329,1696184831,335905551,GPS1_Frame,42.33405685424805,-71.09649658203125,27.899999618530273,327280.5625,4688996.0,19,T
1696184832.3382542,330,1696184832,337149858,GPS1_Frame,42.33405685424805,-71.09649658203125,27.899999618530273,327280.5625,4688996.0,19,T
1696184833.3150241,331,1696184833,313874959,GPS1_Frame,42.33405685424805,-71.09649658203125,27.899999618530273,327280.5625,4688996.0,19,T
1696184834.334917,332,1696184834,333799839,GPS1_Frame,42.33405685424805,-71.09649658203125,27.899999618530273,327280.5625,4688996.0,19,T
1696184835.3068097,333,1696184835,305664539,GPS1_Frame,42.33405685424805,-71.09649658203125,27.899999618530273,327280.5625,4688996.0,19,T
1696184836.3146298,334,1696184836,313477277,GPS1_Frame,42.33405685424805,-71.09649658203125,27.899999618530273,327280.5625,4688996.0,19,T
1696184837.3135097,335,1696184837,312383651,GPS1_Frame,42.33405685424805,-71.09649658203125,27.899999618530273,327280.5625,4688996.0,19,T
1696184838.3362324,336,1696184838,335072517,GPS1_Frame,42.33405685424805,-71.09649658203125,27.899999618530273,327280.5625,4688996.0,19,T
1696184839.3160808,337,1696184839,314990520,GPS1_Frame,42.33405685424805,-71.09649658203125,27.899999618530273,327280.5625,4688996.0,19,T
1696184840.3151197,338,1696184840,313999414,GPS1_Frame,42.33405685424805,-71.09649658203125,27.899999618530273,327280.5625,4688996.0,19,T
1696184841.314254,339,1696184841,313135147,GPS1_Frame,42.33405685424805,-71.09649658203125,27.899999618530273,327280.5625,4688996.0,19,T
1696184842.3150427,340,1696184842,313941001,GPS1_Frame,42.33405685424805,-71.09649658203125,27.899999618530273,327280.5625,4688996.0,19,T
1696184843.3149848,341,1696184843,313817262,GPS1_Frame,42.33405685424805,-71.09649658203125,27.899999618530273,327280.5625,4688996.0,19,T
1696184844.3150208,342,1696184844,313891410,GPS1_Frame,42.33405685424805,-71.09649658203125,27.899999618530273,327280.5625,4688996.0,19,T
1696184845.3077729,343,1696184845,306662797,GPS1_Frame,42.33405685424805,-71.09649658203125,27.899999618530273,327280.5625,4688996.0,19,T
1696184846.3148682,344,1696184846,313773632,GPS1_Frame,42.33405685424805,-71.09649658203125,27.899999618530273,327280.5625,4688996.0,19,T
1696184847.315147,345,1696184847,314008951,GPS1_Frame,42.33405685424805,-71.09649658203125,27.899999618530273,327280.5625,4688996.0,19,T
1696184848.314498,346,1696184848,313460588,GPS1_Frame,42.33405685424805,-71.09649658203125,27.899999618530273,327280.5625,4688996.0,19,T
1696184849.335252,347,1696184849,334386110,GPS1_Frame,42.33405685424805,-71.09649658203125,27.899999618530273,327280.5625,4688996.0,19,T
1696184850.314929,348,1696184850,313837289,GPS1_Frame,42.33405685424805,-71.09649658203125,27.899999618530273,327280.5625,4688996.0,19,T
1696184851.3090706,349,1696184851,307744264,GPS1_Frame,42.33405685424805,-71.09649658203125,27.899999618530273,327280.5625,4688996.0,19,T
1696184852.3083816,350,1696184852,307323217,GPS1_Frame,42.33405685424805,-71.09649658203125,27.899999618530273,327280.5625,4688996.0,19,T
1696184853.30739,351,1696184853,306342363,GPS1_Frame,42.33405685424805,-71.09649658203125,27.899999618530273,327280.5625,4688996.0,19,T
1696184854.314952,352,1696184854,313916444,GPS1_Frame,42.33405685424805,-71.09649658203125,27.899999618530273,327280.5625,4688996.0,19,T
1696184855.3151305,353,1696184855,314067602,GPS1_Frame,42.33405685424805,-71.09649658203125,27.899999618530273,327280.5625,4688996.0,19,T
1696184856.3152995,354,1696184856,314185142,GPS1_Frame,42.33405685424805,-71.09649658203125,27.899999618530273,327280.5625,4688996.0,19,T
1696184857.3368905,355,1696184857,335717201,GPS1_Frame,42.33405685424805,-71.09649658203125,27.899999618530273,327280.5625,4688996.0,19,T
1696184858.3292208,356,1696184858,328062057,GPS1_Frame,42.33405685424805,-71.09649658203125,27.899999618530273,327280.5625,4688996.0,19,T
1696184859.3360767,357,1696184859,335135459,GPS1_Frame,42.33405685424805,-71.09649658203125,27.899999618530273,327280.5625,4688996.0,19,T
1696184860.3147554,358,1696184860,313767433,GPS1_Frame,42.33405685424805,-71.09649658203125,27.899999618530273,327280.5625,4688996.0,19,T
1696184861.3368692,359,1696184861,335878372,GPS1_Frame,42.33405685424805,-71.09649658203125,27.899999618530273,327280.5625,4688996.0,19,T
1696184862.3385477,360,1696184862,337395191,GPS1_Frame,42.33405685424805,-71.09649658203125,27.899999618530273,327280.5625,4688996.0,19,T
1696184863.3094592,361,1696184863,308355569,GPS1_Frame,42.33405685424805,-71.09649658203125,27.899999618530273,327280.5625,4688996.0,19,T
1696184864.3154817,362,1696184864,314349889,GPS1_Frame,42.33405685424805,-71.09649658203125,27.899999618530273,327280.5625,4688996.0,19,T
1696184865.3142717,363,1696184865,313145160,GPS1_Frame,42.33405685424805,-71.09649658203125,27.899999618530273,327280.5625,4688996.0,19,T
1696184866.3146825,364,1696184866,313706398,GPS1_Frame,42.33405685424805,-71.09649658203125,27.899999618530273,327280.5625,4688996.0,19,T
1696184867.3173537,365,1696184867,316393613,GPS1_Frame,42.33405685424805,-71.09649658203125,27.899999618530273,327280.5625,4688996.0,19,T
1696184868.3167598,366,1696184868,315667152,GPS1_Frame,42.33405685424805,-71.09649658203125,27.899999618530273,327280.5625,4688996.0,19,T
1696184869.3090646,367,1696184869,307882308,GPS1_Frame,42.33405685424805,-71.09649658203125,27.899999618530273,327280.5625,4688996.0,19,T
1696184870.315648,368,1696184870,314562082,GPS1_Frame,42.33405685424805,-71.09649658203125,27.899999618530273,327280.5625,4688996.0,19,T
1696184871.3164828,369,1696184871,315350770,GPS1_Frame,42.33405685424805,-71.09649658203125,27.899999618530273,327280.5625,4688996.0,19,T
1696184872.3159785,370,1696184872,314830064,GPS1_Frame,42.33405685424805,-71.09649658203125,27.899999618530273,327280.5625,4688996.0,19,T
1696184873.3150997,371,1696184873,314015388,GPS1_Frame,42.33405685424805,-71.09649658203125,27.899999618530273,327280.5625,4688996.0,19,T
1696184874.3353257,372,1696184874,334418773,GPS1_Frame,42.33405685424805,-71.09649658203125,27.899999618530273,327280.5625,4688996.0,19,T
1696184875.316087,373,1696184875,314961194,GPS1_Frame,42.33405685424805,-71.09649658203125,27.899999618530273,327280.40625,4688996.0,19,T
1696184876.330094,374,1696184876,328970670,GPS1_Frame,42.33405685424805,-71.09649658203125,27.899999618530273,327280.40625,4688996.0,19,T
1696184877.3297486,375,1696184877,328670501,GPS1_Frame,42.33405685424805,-71.09649658203125,27.899999618530273,327280.40625,4688996.0,19,T
1696184878.3153355,376,1696184878,314196586,GPS1_Frame,42.33405685424805,-71.09649658203125,27.899999618530273,327280.40625,4688996.0,19,T
1696184879.3084266,377,1696184879,307337760,GPS1_Frame,42.33405685424805,-71.09649658203125,27.899999618530273,327280.40625,4688996.0,19,T
1696184880.339198,378,1696184880,338085651,GPS1_Frame,42.33405685424805,-71.09649658203125,27.899999618530273,327280.40625,4688996.0,19,T
1696184881.337798,379,1696184881,336680412,GPS1_Frame,42.33405685424805,-71.09649658203125,27.899999618530273,327280.40625,4688996.0,19,T
1696184882.3297474,380,1696184882,328629016,GPS1_Frame,42.33405685424805,-71.09649658203125,27.899999618530273,327280.40625,4688996.0,19,T
1696184883.3099477,381,1696184883,308871030,GPS1_Frame,42.33405685424805,-71.09649658203125,27.899999618530273,327280.40625,4688996.0,19,T
1696184884.3158681,382,1696184884,314815998,GPS1_Frame,42.33405685424805,-71.09649658203125,27.899999618530273,327280.40625,4688996.0,19,T
1696184885.3373604,383,1696184885,336193084,GPS1_Frame,42.33405685424805,-71.09649658203125,27.899999618530273,327280.40625,4688996.0,19,T
1696184886.3154554,384,1696184886,314330577,GPS1_Frame,42.33405685424805,-71.09649658203125,27.899999618530273,327280.40625,4688996.0,19,T
1696184887.3153613,385,1696184887,314291477,GPS1_Frame,42.33405685424805,-71.09649658203125,27.899999618530273,327280.40625,4688996.0,19,T
1696184888.3083293,386,1696184888,307170867,GPS1_Frame,42.33405685424805,-71.09649658203125,27.899999618530273,327280.40625,4688996.0,19,T
1696184889.3299422,387,1696184889,328823566,GPS1_Frame,42.33405685424805,-71.09649658203125,27.899999618530273,327280.40625,4688996.0,19,T
1696184890.315022,388,1696184890,313979864,GPS1_Frame,42.33405685424805,-71.09649658203125,27.899999618530273,327280.40625,4688996.0,19,T
1696184891.3156826,389,1696184891,314575672,GPS1_Frame,42.33405685424805,-71.09649658203125,27.899999618530273,327280.40625,4688996.0,19,T
1696184892.314399,390,1696184892,313303947,GPS1_Frame,42.33405685424805,-71.09649658203125,27.899999618530273,327280.40625,4688996.0,19,T
1696184893.305517,391,1696184893,304379940,GPS1_Frame,42.33405685424805,-71.09649658203125,27.899999618530273,327280.40625,4688996.0,19,T
1696184894.3121705,392,1696184894,311061143,GPS1_Frame,42.33405685424805,-71.09649658203125,27.899999618530273,327280.40625,4688996.0,19,T
1696184895.3184466,393,1696184895,317358732,GPS1_Frame,42.33405685424805,-71.09649658203125,27.899999618530273,327280.40625,4688996.0,19,T
1696184896.3123631,394,1696184896,311265707,GPS1_Frame,42.33405685424805,-71.09649658203125,27.899999618530273,327280.40625,4688996.0,19,T
1696184897.3121316,395,1696184897,311011552,GPS1_Frame,42.33405685424805,-71.09649658203125,27.899999618530273,327280.40625,4688996.0,19,T
1696184898.3123915,396,1696184898,311242341,GPS1_Frame,42.33405685424805,-71.09649658203125,27.899999618530273,327280.40625,4688996.0,19,T
1696184899.3359408,397,1696184899,334754467,GPS1_Frame,42.33405685424805,-71.09649658203125,27.899999618530273,327280.40625,4688996.0,19,T
1696184900.305978,398,1696184900,304874658,GPS1_Frame,42.33405685424805,-71.09649658203125,27.899999618530273,327280.40625,4688996.0,19,T
1696184901.3130817,399,1696184901,311949491,GPS1_Frame,42.33405685424805,-71.09649658203125,27.899999618530273,327280.40625,4688996.0,19,T
1696184902.313002,400,1696184902,311906814,GPS1_Frame,42.33405685424805,-71.09649658203125,27.899999618530273,327280.40625,4688996.0,19,T
1696184903.3131614,401,1696184903,312107324,GPS1_Frame,42.33405685424805,-71.09649658203125,27.899999618530273,327280.40625,4688996.0,19,T
1696184904.3129244,402,1696184904,311988830,GPS1_Frame,42.33405685424805,-71.09649658203125,27.899999618530273,327280.40625,4688996.0,19,T
1696184905.310191,403,1696184905,309053659,GPS1_Frame,42.33405685424805,-71.09649658203125,27.899999618530273,327280.40625,4688996.0,19,T
1696184906.3089168,404,1696184906,307781219,GPS1_Frame,42.33405685424805,-71.09649658203125,27.899999618530273,327280.40625,4688996.0,19,T
1696184907.3396084,405,1696184907,338579654,GPS1_Frame,42.33405685424805,-71.09649658203125,27.899999618530273,327280.40625,4688996.0,19,T
1696184908.3404942,406,1696184908,339336872,GPS1_Frame,42.33405685424805,-71.09649658203125,27.899999618530273,327280.40625,4688996.0,19,T
1696184909.312358,407,1696184909,311201810,GPS1_Frame,42.33405685424805,-71.09649658203125,27.899999618530273,327280.40625,4688996.0,19,T
1696184910.3424838,408,1696184910,341387033,GPS1_Frame,42.33405685424805,-71.09649658203125,27.899999618530273,327280.40625,4688996.0,19,T
1696184911.3361323,409,1696184911,335052728,GPS1_Frame,42.33405685424805,-71.09649658203125,27.899999618530273,327280.40625,4688996.0,19,T
1696184912.3230267,410,1696184912,321924924,GPS1_Frame,42.33405685424805,-71.09649658203125,27.899999618530273,327280.40625,4688996.0,19,T
1696184913.342337,411,1696184913,341258764,GPS1_Frame,42.33405685424805,-71.09649658203125,27.899999618530273,327280.40625,4688996.0,19,T
1696184914.316795,412,1696184914,315634012,GPS1_Frame,42.33405685424805,-71.09649658203125,27.899999618530273,327280.40625,4688996.0,19,T
1696184915.3165276,413,1696184915,315338850,GPS1_Frame,42.33405685424805,-71.09649658203125,27.899999618530273,327280.40625,4688996.0,19,T
1696184916.3187432,414,1696184916,317574501,GPS1_Frame,42.33405685424805,-71.09649658203125,27.899999618530273,327280.40625,4688996.0,19,T
1696184917.309566,415,1696184917,308414697,GPS1_Frame,42.33405685424805,-71.09649658203125,27.899999618530273,327280.40625,4688996.0,19,T
1696184918.3154953,416,1696184918,314608812,GPS1_Frame,42.33405685424805,-71.09649658203125,27.899999618530273,327280.40625,4688996.0,19,T
1696184919.3088055,417,1696184919,307870864,GPS1_Frame,42.33405685424805,-71.09649658203125,27.899999618530273,327280.40625,4688996.0,19,T
1696184920.3133423,418,1696184920,312490701,GPS1_Frame,42.33405685424805,-71.09649658203125,27.899999618530273,327280.40625,4688996.0,19,T
1696184921.3131397,419,1696184921,312064409,GPS1_Frame,42.33405685424805,-71.09649658203125,27.899999618530273,327280.40625,4688996.0,19,T
1696184922.318009,420,1696184922,317157030,GPS1_Frame,42.33405685424805,-71.09649658203125,27.899999618530273,327280.40625,4688996.0,19,T
1696184923.3174188,421,1696184923,316534280,GPS1_Frame,42.33405685424805,-71.09649658203125,27.899999618530273,327280.40625,4688996.0,19,T
1696184924.31632,422,1696184924,315457820,GPS1_Frame,42.33405685424805,-71.09649658203125,27.899999618530273,327280.40625,4688996.0,19,T
1696184925.3393593,423,1696184925,338274002,GPS1_Frame,42.33405685424805,-71.09649658203125,27.899999618530273,327280.40625,4688996.0,19,T
1696184926.337894,424,1696184926,336971044,GPS1_Frame,42.33405685424805,-71.09649658203125,27.799999237060547,327280.40625,4688996.0,19,T
1696184927.3232856,425,1696184927,322210311,GPS1_Frame,42.33405685424805,-71.09649658203125,27.799999237060547,327280.40625,4688996.0,19,T
1696184928.3388453,426,1696184928,338021516,GPS1_Frame,42.33405685424805,-71.09649658203125,27.799999237060547,327280.40625,4688996.0,19,T
1696184929.3167944,427,1696184929,315633773,GPS1_Frame,42.33405685424805,-71.09649658203125,27.799999237060547,327280.40625,4688996.0,19,T
1696184930.3162751,428,1696184930,315180540,GPS1_Frame,42.33405685424805,-71.09649658203125,27.799999237060547,327280.40625,4688996.0,19,T
1696184931.3169878,429,1696184931,315813302,GPS1_Frame,42.33405685424805,-71.09649658203125,27.799999237060547,327280.40625,4688996.0,19,T
1696184932.3398633,430,1696184932,338748455,GPS1_Frame,42.33405685424805,-71.09649658203125,27.799999237060547,327280.40625,4688996.0,19,T
1696184933.3387048,431,1696184933,337637901,GPS1_Frame,42.33405685424805,-71.09649658203125,27.799999237060547,327280.40625,4688996.0,19,T
1696184934.3308475,432,1696184934,329793691,GPS1_Frame,42.33405685424805,-71.09649658203125,27.799999237060547,327280.40625,4688996.0,19,T
1696184935.3133228,433,1696184935,312196016,GPS1_Frame,42.33405685424805,-71.09649658203125,27.799999237060547,327280.40625,4688996.0,19,T
1696184936.317557,434,1696184936,316436052,GPS1_Frame,42.33405685424805,-71.09649658203125,27.799999237060547,327280.40625,4688996.0,19,T
1696184937.316546,435,1696184937,315549850,GPS1_Frame,42.33405685424805,-71.09649658203125,27.799999237060547,327280.40625,4688996.0,19,T
1696184938.3391523,436,1696184938,338036775,GPS1_Frame,42.33405685424805,-71.09649658203125,27.799999237060547,327280.40625,4688996.0,19,T
1696184939.309565,437,1696184939,308419227,GPS1_Frame,42.33405685424805,-71.09649658203125,27.799999237060547,327280.28125,4688996.0,19,T
1696184940.3170884,438,1696184940,316255092,GPS1_Frame,42.33405685424805,-71.09649658203125,27.799999237060547,327280.28125,4688996.0,19,T
1696184941.338584,439,1696184941,337511062,GPS1_Frame,42.33405685424805,-71.09649658203125,27.799999237060547,327280.28125,4688996.0,19,T
1696184942.3170016,440,1696184942,315834999,GPS1_Frame,42.33405685424805,-71.09649658203125,27.799999237060547,327280.28125,4688996.0,19,T
1696184943.3095326,441,1696184943,308427333,GPS1_Frame,42.33405685424805,-71.09649658203125,27.799999237060547,327280.28125,4688996.0,19,T
1696184944.3166332,442,1696184944,315531969,GPS1_Frame,42.33405685424805,-71.09649658203125,27.799999237060547,327280.28125,4688996.0,19,T
1696184945.316386,443,1696184945,315446615,GPS1_Frame,42.33405685424805,-71.09649658203125,27.799999237060547,327280.28125,4688996.0,19,T
1696184946.3161392,444,1696184946,315037012,GPS1_Frame,42.33405685424805,-71.09649658203125,27.799999237060547,327280.28125,4688996.0,19,T
1696184947.322385,445,1696184947,321480989,GPS1_Frame,42.33405685424805,-71.09649658203125,27.799999237060547,327280.28125,4688996.0,19,T
1696184948.3129418,446,1696184948,311759710,GPS1_Frame,42.33405685424805,-71.09649658203125,27.799999237060547,327280.28125,4688996.0,19,T
1696184949.341375,447,1696184949,340254306,GPS1_Frame,42.33405685424805,-71.09649658203125,27.799999237060547,327280.28125,4688996.0,19,T
1696184950.3192995,448,1696184950,318201541,GPS1_Frame,42.33405685424805,-71.09649658203125,27.700000762939453,327280.28125,4688996.0,19,T
1696184951.3220115,449,1696184951,320928573,GPS1_Frame,42.33405685424805,-71.09649658203125,27.700000762939453,327280.28125,4688996.0,19,T
1696184952.3232143,450,1696184952,322093009,GPS1_Frame,42.33405685424805,-71.09649658203125,27.700000762939453,327280.28125,4688996.0,19,T
1696184953.3230553,451,1696184953,321909666,GPS1_Frame,42.33405685424805,-71.09649658203125,27.700000762939453,327280.28125,4688996.0,19,T
1696184954.3089445,452,1696184954,307848691,GPS1_Frame,42.33405685424805,-71.09649658203125,27.700000762939453,327280.28125,4688996.0,19,T
1696184955.3089588,453,1696184955,307855367,GPS1_Frame,42.33405685424805,-71.09649658203125,27.700000762939453,327280.28125,4688996.0,19,T
1696184956.3168173,454,1696184956,315729618,GPS1_Frame,42.33405685424805,-71.09649658203125,27.700000762939453,327280.28125,4688996.0,19,T
1696184957.3387682,455,1696184957,337694168,GPS1_Frame,42.33405685424805,-71.09649658203125,27.700000762939453,327280.28125,4688996.0,19,T
1696184958.316949,456,1696184958,315864324,GPS1_Frame,42.33405685424805,-71.09649658203125,27.700000762939453,327280.28125,4688996.0,19,T
1696184959.332106,457,1696184959,331042289,GPS1_Frame,42.33405685424805,-71.09649658203125,27.700000762939453,327280.28125,4688996.0,19,T
1696184960.3167555,458,1696184960,315600872,GPS1_Frame,42.33405685424805,-71.09649658203125,27.700000762939453,327280.28125,4688996.0,19,T
1696184961.3315015,459,1696184961,330391883,GPS1_Frame,42.33405685424805,-71.09649658203125,27.700000762939453,327280.28125,4688996.0,19,T
1696184962.3374815,460,1696184962,336505413,GPS1_Frame,42.33405685424805,-71.09649658203125,27.700000762939453,327280.28125,4688996.0,19,T
1696184963.3385618,461,1696184963,337528944,GPS1_Frame,42.33405685424805,-71.09649658203125,27.700000762939453,327280.28125,4688996.0,19,T
1696184964.3180199,462,1696184964,316923856,GPS1_Frame,42.33405685424805,-71.09649658203125,27.700000762939453,327280.28125,4688996.0,19,T
1696184965.310229,463,1696184965,309142589,GPS1_Frame,42.33405685424805,-71.09649658203125,27.700000762939453,327280.28125,4688996.0,19,T
1696184966.3092072,464,1696184966,308061122,GPS1_Frame,42.33405685424805,-71.09649658203125,27.700000762939453,327280.28125,4688996.0,19,T
1696184967.3168676,465,1696184967,315724611,GPS1_Frame,42.33405685424805,-71.09649658203125,27.700000762939453,327280.28125,4688996.0,19,T
1696184968.3173945,466,1696184968,316251754,GPS1_Frame,42.33405685424805,-71.09649658203125,27.700000762939453,327280.28125,4688996.0,19,T
1696184969.3192823,467,1696184969,318192720,GPS1_Frame,42.33405685424805,-71.09649658203125,27.700000762939453,327280.28125,4688996.0,19,T
1696184970.3123658,468,1696184970,311244487,GPS1_Frame,42.33405685424805,-71.09649658203125,27.700000762939453,327280.28125,4688996.0,19,T
1696184971.3194478,469,1696184971,318334579,GPS1_Frame,42.33405685424805,-71.09649658203125,27.700000762939453,327280.28125,4688996.0,19,T
1696184972.3129814,470,1696184972,311829328,GPS1_Frame,42.33405685424805,-71.09649658203125,27.700000762939453,327280.28125,4688996.0,19,T
1696184973.3193297,471,1696184973,318203449,GPS1_Frame,42.33405685424805,-71.09649658203125,27.700000762939453,327280.28125,4688996.0,19,T
1696184974.3125873,472,1696184974,311418533,GPS1_Frame,42.33405685424805,-71.09649658203125,27.700000762939453,327280.28125,4688996.0,19,T
1696184975.3415372,473,1696184975,340407609,GPS1_Frame,42.33405685424805,-71.09649658203125,27.700000762939453,327280.28125,4688996.0,19,T
1696184976.3178701,474,1696184976,316688299,GPS1_Frame,42.33405685424805,-71.09649658203125,27.5,327280.40625,4688996.0,19,T
1696184977.3342884,475,1696184977,333187580,GPS1_Frame,42.33405685424805,-71.09649658203125,27.5,327280.40625,4688996.0,19,T
1696184978.3406227,476,1696184978,339512348,GPS1_Frame,42.33405685424805,-71.09649658203125,27.5,327280.40625,4688996.0,19,T
1696184979.3193295,477,1696184979,318180322,GPS1_Frame,42.33405685424805,-71.09649658203125,27.5,327280.40625,4688996.0,19,T
1696184980.3222275,478,1696184980,321077108,GPS1_Frame,42.33405685424805,-71.09649658203125,27.5,327280.40625,4688996.0,19,T
1696184981.3192706,479,1696184981,318093061,GPS1_Frame,42.33405685424805,-71.09649658203125,27.5,327280.40625,4688996.0,19,T
1696184982.3220193,480,1696184982,321049451,GPS1_Frame,42.33405685424805,-71.09649658203125,27.5,327280.40625,4688996.0,19,T
1696184983.341573,481,1696184983,340446472,GPS1_Frame,42.33405685424805,-71.09649658203125,27.5,327280.40625,4688996.0,19,T
1696184984.3443737,482,1696184984,343261957,GPS1_Frame,42.33405685424805,-71.09649658203125,27.5,327280.40625,4688996.0,19,T
1696184985.3362274,483,1696184985,335274457,GPS1_Frame,42.33405685424805,-71.09649658203125,27.5,327280.40625,4688996.0,19,T
1696184986.3192983,484,1696184986,318175792,GPS1_Frame,42.33405685424805,-71.09649658203125,27.399999618530273,327280.40625,4688996.0,19,T
1696184987.3195114,485,1696184987,318500280,GPS1_Frame,42.33405685424805,-71.09649658203125,27.399999618530273,327280.40625,4688996.0,19,T
1696184988.3446827,486,1696184988,343548059,GPS1_Frame,42.33405685424805,-71.09649658203125,27.399999618530273,327280.40625,4688996.0,19,T
1696184989.3121998,487,1696184989,310950756,GPS1_Frame,42.33405685424805,-71.09649658203125,27.399999618530273,327280.40625,4688996.0,19,T
1696184990.3057752,488,1696184990,304645538,GPS1_Frame,42.33406066894531,-71.09649658203125,27.5,327280.4375,4688996.0,19,T
1696184991.3386624,489,1696184991,337523937,GPS1_Frame,42.33406066894531,-71.09649658203125,27.5,327280.4375,4688996.0,19,T
1696184992.3168702,490,1696184992,315705299,GPS1_Frame,42.33406066894531,-71.09649658203125,27.5,327280.4375,4688996.0,19,T
1696184993.3168032,491,1696184993,315603971,GPS1_Frame,42.33406066894531,-71.09649658203125,27.5,327280.4375,4688996.0,19,T
1696184994.3231199,492,1696184994,322210311,GPS1_Frame,42.33406066894531,-71.09649658203125,27.5,327280.4375,4688996.5,19,T
1696184995.3240418,493,1696184995,322912693,GPS1_Frame,42.33406066894531,-71.09649658203125,27.5,327280.4375,4688996.5,19,T
1696184996.3120291,494,1696184996,310914039,GPS1_Frame,42.33406066894531,-71.09649658203125,27.5,327280.4375,4688996.5,19,T
1696184997.311767,495,1696184997,310711383,GPS1_Frame,42.33406066894531,-71.09649658203125,27.399999618530273,327280.4375,4688996.5,19,T
1696184998.319907,496,1696184998,318982839,GPS1_Frame,42.33406066894531,-71.09649658203125,27.399999618530273,327280.4375,4688996.5,19,T
1696184999.344599,497,1696184999,343453884,GPS1_Frame,42.33406066894531,-71.09649658203125,27.399999618530273,327280.4375,4688996.5,19,T
1696185000.3197296,498,1696185000,318578004,GPS1_Frame,42.33406448364258,-71.09649658203125,27.299999237060547,327280.5625,4688996.5,19,T
1696185001.3110392,499,1696185001,309888839,GPS1_Frame,42.33406448364258,-71.09649658203125,27.299999237060547,327280.5625,4688996.5,19,T
1696185002.3192766,500,1696185002,318195343,GPS1_Frame,42.33406448364258,-71.09649658203125,27.299999237060547,327280.5625,4688996.5,19,T
1696185003.3124242,501,1696185003,311300277,GPS1_Frame,42.33406448364258,-71.09649658203125,27.299999237060547,327280.5625,4688996.5,19,T
1696185004.312577,502,1696185004,311489582,GPS1_Frame,42.33406448364258,-71.09649658203125,27.299999237060547,327280.5625,4688996.5,19,T
1696185005.3113067,503,1696185005,310213804,GPS1_Frame,42.33406448364258,-71.09649658203125,27.299999237060547,327280.5625,4688996.5,19,T
1696185006.3166242,504,1696185006,315519332,GPS1_Frame,42.33406448364258,-71.09649658203125,27.299999237060547,327280.5625,4688996.5,19,T
1696185007.3112316,505,1696185007,310032129,GPS1_Frame,42.33406448364258,-71.09649658203125,27.299999237060547,327280.5625,4688996.5,19,T
1696185008.3344073,506,1696185008,333632230,GPS1_Frame,42.33406448364258,-71.09649658203125,27.299999237060547,327280.5625,4688996.5,19,T
1696185009.3099048,507,1696185009,309014081,GPS1_Frame,42.33406448364258,-71.09649658203125,27.299999237060547,327280.5625,4688996.5,19,T
1696185010.3359847,508,1696185010,334895610,GPS1_Frame,42.33406448364258,-71.09649658203125,27.299999237060547,327280.5625,4688996.5,19,T
1696185011.3095915,509,1696185011,308480739,GPS1_Frame,42.33406448364258,-71.09649658203125,27.299999237060547,327280.5625,4688996.5,19,T
1696185012.3428898,510,1696185012,341771125,GPS1_Frame,42.33406448364258,-71.09649658203125,27.200000762939453,327280.5625,4688996.5,19,T
1696185013.3374844,511,1696185013,336375713,GPS1_Frame,42.33406448364258,-71.09649658203125,27.200000762939453,327280.5625,4688996.5,19,T
1696185014.3367326,512,1696185014,335524082,GPS1_Frame,42.33406448364258,-71.09649658203125,27.200000762939453,327280.5625,4688996.5,19,T
1696185015.3136141,513,1696185015,312330245,GPS1_Frame,42.33406066894531,-71.09649658203125,26.799999237060547,327280.71875,4688996.5,19,T
1696185016.3127124,514,1696185016,311603784,GPS1_Frame,42.33406066894531,-71.09649658203125,26.799999237060547,327280.71875,4688996.5,19,T
1696185017.31214,515,1696185017,311020135,GPS1_Frame,42.33406066894531,-71.09649658203125,26.799999237060547,327280.71875,4688996.5,19,T
1696185018.3104174,516,1696185018,309293985,GPS1_Frame,42.33406066894531,-71.09649658203125,26.799999237060547,327280.71875,4688996.5,19,T
1696185019.299517,517,1696185019,298379182,GPS1_Frame,42.33406066894531,-71.09649658203125,26.799999237060547,327280.71875,4688996.5,19,T
1696185020.3010368,518,1696185020,300108432,GPS1_Frame,42.33406066894531,-71.09649658203125,26.799999237060547,327280.71875,4688996.5,19,T
1696185021.297941,519,1696185021,296928405,GPS1_Frame,42.33406066894531,-71.09649658203125,26.799999237060547,327280.71875,4688996.5,19,T
1696185022.3007681,520,1696185022,299877882,GPS1_Frame,42.33406066894531,-71.09649658203125,26.799999237060547,327280.84375,4688996.5,19,T
1696185023.302064,521,1696185023,300939083,GPS1_Frame,42.33406066894531,-71.09649658203125,26.799999237060547,327280.84375,4688996.5,19,T
1696185024.3012886,522,1696185024,300311088,GPS1_Frame,42.33406066894531,-71.09649658203125,26.799999237060547,327280.84375,4688996.5,19,T
1696185025.3255546,523,1696185025,324414491,GPS1_Frame,42.33406066894531,-71.09649658203125,26.799999237060547,327280.84375,4688996.5,19,T
1696185026.2994785,524,1696185026,298364639,GPS1_Frame,42.33406066894531,-71.09649658203125,26.799999237060547,327280.84375,4688996.5,19,T
1696185027.3252957,525,1696185027,324159145,GPS1_Frame,42.33406066894531,-71.09649658203125,26.799999237060547,327280.84375,4688996.5,19,T
1696185028.3256729,526,1696185028,324527263,GPS1_Frame,42.33406066894531,-71.09649658203125,26.799999237060547,327280.84375,4688996.5,19,T
1696185029.3010685,527,1696185029,299944877,GPS1_Frame,42.33406066894531,-71.09649658203125,26.799999237060547,327280.84375,4688996.5,19,T
1696185030.3014572,528,1696185030,300355911,GPS1_Frame,42.33406066894531,-71.09649658203125,26.799999237060547,327280.84375,4688996.5,19,T
1696185031.3020875,529,1696185031,300962209,GPS1_Frame,42.33406066894531,-71.09649658203125,26.799999237060547,327280.84375,4688996.5,19,T
1696185032.2989068,530,1696185032,298018932,GPS1_Frame,42.33406066894531,-71.09649658203125,26.799999237060547,327280.84375,4688996.5,19,T
1696185033.300764,531,1696185033,299827814,GPS1_Frame,42.33406448364258,-71.09649658203125,26.799999237060547,327280.84375,4688996.5,19,T
1696185034.3248746,532,1696185034,323747396,GPS1_Frame,42.33406448364258,-71.09649658203125,26.799999237060547,327280.84375,4688996.5,19,T
1696185035.3225753,533,1696185035,321623563,GPS1_Frame,42.33406448364258,-71.09649658203125,26.799999237060547,327280.84375,4688996.5,19,T
1696185036.3222563,534,1696185036,320971727,GPS1_Frame,42.33406448364258,-71.09649658203125,26.799999237060547,327280.84375,4688996.5,19,T
1696185037.297404,535,1696185037,296566009,GPS1_Frame,42.33406448364258,-71.09649658203125,26.799999237060547,327280.84375,4688996.5,19,T
1696185038.3042967,536,1696185038,303418636,GPS1_Frame,42.33406448364258,-71.09649658203125,26.799999237060547,327280.84375,4688996.5,19,T
1696185039.325767,537,1696185039,325005769,GPS1_Frame,42.33406448364258,-71.09649658203125,26.799999237060547,327280.84375,4688996.5,19,T
1696185040.3001711,538,1696185040,299340724,GPS1_Frame,42.33406448364258,-71.09649658203125,26.799999237060547,327280.84375,4688996.5,19,T
1696185041.2979302,539,1696185041,297118425,GPS1_Frame,42.33406448364258,-71.09649658203125,26.799999237060547,327280.84375,4688996.5,19,T
1696185042.3255107,540,1696185042,324667692,GPS1_Frame,42.33406448364258,-71.09649658203125,26.799999237060547,327280.84375,4688996.5,19,T
1696185043.3022733,541,1696185043,301476240,GPS1_Frame,42.33406448364258,-71.09649658203125,26.799999237060547,327280.84375,4688996.5,19,T
1696185044.3004494,542,1696185044,299640178,GPS1_Frame,42.33406448364258,-71.09649658203125,26.700000762939453,327280.84375,4688996.5,19,T
1696185045.3015945,543,1696185045,300451993,GPS1_Frame,42.33406448364258,-71.09649658203125,26.700000762939453,327280.84375,4688996.5,19,T
1696185046.3009453,544,1696185046,300147294,GPS1_Frame,42.33406448364258,-71.09649658203125,26.700000762939453,327280.84375,4688996.5,19,T
1696185047.3008428,545,1696185047,300180912,GPS1_Frame,42.33406448364258,-71.09649658203125,26.700000762939453,327280.84375,4688996.5,19,T
1696185048.30152,546,1696185048,300718545,GPS1_Frame,42.33406448364258,-71.09649658203125,26.700000762939453,327280.84375,4688996.5,19,T
1696185049.3018053,547,1696185049,300806760,GPS1_Frame,42.33406448364258,-71.09649658203125,26.700000762939453,327280.84375,4688996.5,19,T
1696185050.3253233,548,1696185050,324178695,GPS1_Frame,42.33406066894531,-71.09649658203125,26.700000762939453,327280.84375,4688996.5,19,T
1696185051.30121,549,1696185051,300243616,GPS1_Frame,42.33406066894531,-71.09649658203125,26.700000762939453,327280.84375,4688996.5,19,T
1696185052.3014228,550,1696185052,300352811,GPS1_Frame,42.33406066894531,-71.09649658203125,26.700000762939453,327280.84375,4688996.5,19,T
1696185053.3010283,551,1696185053,299943208,GPS1_Frame,42.33406066894531,-71.09649658203125,26.700000762939453,327280.84375,4688996.5,19,T
1696185054.3025095,552,1696185054,301455020,GPS1_Frame,42.33406066894531,-71.09649658203125,26.700000762939453,327280.84375,4688996.5,19,T
1696185055.2984116,553,1696185055,297593355,GPS1_Frame,42.33406066894531,-71.09649658203125,26.700000762939453,327280.84375,4688996.5,19,T
1696185056.2980328,554,1696185056,297127962,GPS1_Frame,42.33406448364258,-71.09649658203125,26.700000762939453,327280.84375,4688996.5,19,T
1696185057.2980804,555,1696185057,297016382,GPS1_Frame,42.33406448364258,-71.09649658203125,26.700000762939453,327280.84375,4688996.5,19,T
1696185058.298294,556,1696185058,297278642,GPS1_Frame,42.33406448364258,-71.09649658203125,26.700000762939453,327280.84375,4688996.5,19,T
1696185059.3224201,557,1696185059,321557521,GPS1_Frame,42.33406448364258,-71.09649658203125,26.700000762939453,327280.84375,4688996.5,19,T
1696185060.2994187,558,1696185060,298398971,GPS1_Frame,42.33406448364258,-71.09649658203125,26.700000762939453,327280.84375,4688996.5,19,T
1696185061.3238158,559,1696185061,322987079,GPS1_Frame,42.33406448364258,-71.09649658203125,26.700000762939453,327280.84375,4688996.5,19,T
1696185062.298308,560,1696185062,297514438,GPS1_Frame,42.33406448364258,-71.09649658203125,26.700000762939453,327280.84375,4688996.5,19,T
1696185063.324813,561,1696185063,323727130,GPS1_Frame,42.33406448364258,-71.09649658203125,26.700000762939453,327280.84375,4688996.5,19,T
1696185064.3246377,562,1696185064,323641777,GPS1_Frame,42.33406448364258,-71.09649658203125,26.700000762939453,327280.84375,4688996.5,19,T
1696185065.3232446,563,1696185065,322441816,GPS1_Frame,42.33406448364258,-71.09649658203125,26.700000762939453,327280.84375,4688996.5,19,T
1696185066.2997627,564,1696185066,298927783,GPS1_Frame,42.33406448364258,-71.09649658203125,26.700000762939453,327280.84375,4688996.5,19,T
1696185067.2998126,565,1696185067,298760414,GPS1_Frame,42.33406448364258,-71.09649658203125,26.700000762939453,327280.84375,4688996.5,19,T
1696185068.3022997,566,1696185068,301254987,GPS1_Frame,42.33406448364258,-71.09649658203125,26.700000762939453,327280.84375,4688996.5,19,T
1696185069.3014133,567,1696185069,300324201,GPS1_Frame,42.33406066894531,-71.09649658203125,26.700000762939453,327280.84375,4688996.5,19,T
1696185070.3009503,568,1696185070,299858331,GPS1_Frame,42.33406066894531,-71.09649658203125,26.700000762939453,327280.84375,4688996.5,19,T
1696185071.3015187,569,1696185071,300523757,GPS1_Frame,42.33406066894531,-71.09649658203125,26.700000762939453,327280.84375,4688996.5,19,T
1696185072.302526,570,1696185072,301531076,GPS1_Frame,42.33406066894531,-71.09649658203125,26.700000762939453,327280.84375,4688996.5,19,T
1696185073.302487,571,1696185073,301458835,GPS1_Frame,42.33406066894531,-71.09649658203125,26.700000762939453,327280.84375,4688996.5,19,T
1696185074.302316,572,1696185074,301266431,GPS1_Frame,42.33406066894531,-71.09649658203125,26.700000762939453,327280.84375,4688996.5,19,T
1696185075.3017967,573,1696185075,300760269,GPS1_Frame,42.33406066894531,-71.09649658203125,26.700000762939453,327280.84375,4688996.5,19,T
1696185076.3283522,574,1696185076,327265501,GPS1_Frame,42.33406066894531,-71.09649658203125,26.700000762939453,327280.84375,4688996.5,19,T
1696185077.3079197,575,1696185077,306821823,GPS1_Frame,42.33406066894531,-71.09649658203125,26.700000762939453,327280.84375,4688996.5,19,T
1696185078.3336422,576,1696185078,332526683,GPS1_Frame,42.33406066894531,-71.09649658203125,26.700000762939453,327280.84375,4688996.5,19,T
1696185079.32718,577,1696185079,326081037,GPS1_Frame,42.33406066894531,-71.09649658203125,26.700000762939453,327280.84375,4688996.5,19,T
1696185080.308656,578,1696185080,307511091,GPS1_Frame,42.33406066894531,-71.09649658203125,26.700000762939453,327280.84375,4688996.5,19,T
1696185081.3084285,579,1696185081,307300329,GPS1_Frame,42.33406066894531,-71.09649658203125,26.700000762939453,327280.84375,4688996.5,19,T
1696185082.3089414,580,1696185082,307778358,GPS1_Frame,42.33406066894531,-71.09649658203125,26.700000762939453,327280.84375,4688996.5,19,T
1696185083.3182294,581,1696185083,317147254,GPS1_Frame,42.33406066894531,-71.09649658203125,26.700000762939453,327280.84375,4688996.5,19,T
1696185084.3096666,582,1696185084,308629512,GPS1_Frame,42.33406066894531,-71.09649658203125,26.700000762939453,327280.84375,4688996.5,19,T
1696185085.326303,583,1696185085,325459480,GPS1_Frame,42.33406066894531,-71.09649658203125,26.700000762939453,327280.84375,4688996.5,19,T
1696185086.3374255,584,1696185086,336167573,GPS1_Frame,42.33406066894531,-71.09649658203125,26.700000762939453,327280.84375,4688996.5,19,T
1696185087.3325417,585,1696185087,331583499,GPS1_Frame,42.33406066894531,-71.09649658203125,26.700000762939453,327280.84375,4688996.5,19,T
1696185088.308655,586,1696185088,307818651,GPS1_Frame,42.33406066894531,-71.09649658203125,26.700000762939453,327280.84375,4688996.5,19,T
1696185089.3087428,587,1696185089,307605028,GPS1_Frame,42.33406066894531,-71.09649658203125,26.700000762939453,327280.84375,4688996.5,19,T
1696185090.333253,588,1696185090,332146406,GPS1_Frame,42.33406066894531,-71.09649658203125,26.700000762939453,327280.84375,4688996.5,19,T
1696185091.30915,589,1696185091,307982444,GPS1_Frame,42.33406066894531,-71.09649658203125,26.700000762939453,327280.84375,4688996.5,19,T
1696185092.3019915,590,1696185092,301010847,GPS1_Frame,42.33406066894531,-71.09649658203125,26.700000762939453,327280.84375,4688996.5,19,T
1696185093.3302002,591,1696185093,329090833,GPS1_Frame,42.33406066894531,-71.09649658203125,26.700000762939453,327280.84375,4688996.5,19,T
1696185094.3118656,592,1696185094,310715913,GPS1_Frame,42.33406066894531,-71.09649658203125,26.700000762939453,327280.84375,4688996.5,19,T
1696185095.3125381,593,1696185095,311332702,GPS1_Frame,42.33406066894531,-71.09649658203125,26.700000762939453,327280.84375,4688996.5,19,T
1696185096.3120153,594,1696185096,310834646,GPS1_Frame,42.33406066894531,-71.09649658203125,26.700000762939453,327280.84375,4688996.5,19,T
1696185097.3132539,595,1696185097,312083721,GPS1_Frame,42.33406066894531,-71.09649658203125,26.700000762939453,327280.84375,4688996.5,19,T
1696185098.3113923,596,1696185098,310343980,GPS1_Frame,42.33406066894531,-71.09649658203125,26.700000762939453,327280.84375,4688996.5,19,T
1696185099.3129423,597,1696185099,311766624,GPS1_Frame,42.33406066894531,-71.09649658203125,26.700000762939453,327280.84375,4688996.5,19,T
1696185100.3146,598,1696185100,313516378,GPS1_Frame,42.33406066894531,-71.09649658203125,26.700000762939453,327280.84375,4688996.5,19,T
1696185101.3371632,599,1696185101,336110115,GPS1_Frame,42.33406066894531,-71.09649658203125,26.700000762939453,327280.84375,4688996.5,19,T
1696185102.313219,600,1696185102,312150716,GPS1_Frame,42.33406066894531,-71.09649658203125,26.700000762939453,327280.84375,4688996.5,19,T
1696185103.3053868,601,1696185103,304337739,GPS1_Frame,42.33406066894531,-71.09649658203125,26.700000762939453,327280.84375,4688996.5,19,T
1696185104.3114617,602,1696185104,310402631,GPS1_Frame,42.33406066894531,-71.09649658203125,26.700000762939453,327280.84375,4688996.5,19,T
1696185105.3119597,603,1696185105,310923576,GPS1_Frame,42.33406066894531,-71.09649658203125,26.700000762939453,327280.84375,4688996.5,19,T
1696185106.3126104,604,1696185106,311558723,GPS1_Frame,42.33406066894531,-71.09649658203125,26.700000762939453,327280.84375,4688996.5,19,T
1696185107.3118465,605,1696185107,310753345,GPS1_Frame,42.33406066894531,-71.09649658203125,26.700000762939453,327280.84375,4688996.5,19,T
1696185108.3114142,606,1696185108,310404300,GPS1_Frame,42.33406066894531,-71.09649658203125,26.700000762939453,327280.84375,4688996.5,19,T
1696185109.3292983,607,1696185109,328356027,GPS1_Frame,42.33406066894531,-71.09649658203125,26.700000762939453,327280.84375,4688996.5,19,T
1696185110.3115485,608,1696185110,310528993,GPS1_Frame,42.33406066894531,-71.09649658203125,26.700000762939453,327280.84375,4688996.5,19,T
1696185111.3364818,609,1696185111,335218906,GPS1_Frame,42.33406066894531,-71.09649658203125,26.700000762939453,327280.84375,4688996.5,19,T
1696185112.3109581,610,1696185112,310086488,GPS1_Frame,42.33406066894531,-71.09649658203125,26.700000762939453,327280.84375,4688996.5,19,T
1696185113.3369548,611,1696185113,336041927,GPS1_Frame,42.33406066894531,-71.09649658203125,26.700000762939453,327280.84375,4688996.5,19,T
1696185114.3374655,612,1696185114,336463451,GPS1_Frame,42.33406066894531,-71.09649658203125,26.700000762939453,327280.84375,4688996.5,19,T
1696185115.3378685,613,1696185115,337022066,GPS1_Frame,42.33406066894531,-71.09649658203125,26.700000762939453,327280.84375,4688996.5,19,T
1696185116.304315,614,1696185116,303405046,GPS1_Frame,42.33406066894531,-71.09649658203125,26.700000762939453,327280.84375,4688996.5,19,T
1696185117.3033247,615,1696185117,302440166,GPS1_Frame,42.33406066894531,-71.09649658203125,26.600000381469727,327280.84375,4688996.5,19,T
1696185118.3114283,616,1696185118,310601472,GPS1_Frame,42.33406066894531,-71.09649658203125,26.600000381469727,327280.84375,4688996.5,19,T
1696185119.3112833,617,1696185119,310479164,GPS1_Frame,42.33406066894531,-71.09649658203125,26.600000381469727,327280.84375,4688996.5,19,T
1696185120.3114374,618,1696185120,310637235,GPS1_Frame,42.33406066894531,-71.09649658203125,26.600000381469727,327280.84375,4688996.5,19,T
1696185121.3118656,619,1696185121,311036586,GPS1_Frame,42.33406066894531,-71.09649658203125,26.600000381469727,327280.84375,4688996.5,19,T
1696185122.311225,620,1696185122,310133934,GPS1_Frame,42.33406066894531,-71.09649658203125,26.600000381469727,327280.84375,4688996.5,19,T
1696185123.304883,621,1696185123,303754568,GPS1_Frame,42.33406066894531,-71.09649658203125,26.600000381469727,327280.84375,4688996.5,19,T
1696185124.3124883,622,1696185124,311334609,GPS1_Frame,42.33406066894531,-71.09649658203125,26.600000381469727,327280.84375,4688996.5,19,T
1696185125.3116422,623,1696185125,310594558,GPS1_Frame,42.33406066894531,-71.09649658203125,26.600000381469727,327280.84375,4688996.5,19,T
1696185126.3128805,624,1696185126,311720609,GPS1_Frame,42.33406066894531,-71.09649658203125,26.600000381469727,327280.84375,4688996.5,19,T
1696185127.3292189,625,1696185127,328099012,GPS1_Frame,42.33406066894531,-71.09649658203125,26.600000381469727,327280.84375,4688996.5,19,T
1696185128.336093,626,1696185128,334969282,GPS1_Frame,42.33406066894531,-71.09648895263672,26.600000381469727,327280.96875,4688996.5,19,T
1696185129.3353548,627,1696185129,334229946,GPS1_Frame,42.33406066894531,-71.09648895263672,26.600000381469727,327280.96875,4688996.5,19,T
1696185130.320536,628,1696185130,319406747,GPS1_Frame,42.33406066894531,-71.09648895263672,26.600000381469727,327280.96875,4688996.5,19,T
1696185131.312467,629,1696185131,311314105,GPS1_Frame,42.33406066894531,-71.09648895263672,26.600000381469727,327280.96875,4688996.5,19,T
1696185132.3148298,630,1696185132,313786983,GPS1_Frame,42.33406066894531,-71.09648895263672,26.600000381469727,327280.96875,4688996.5,19,T
1696185133.3143895,631,1696185133,313264608,GPS1_Frame,42.33406066894531,-71.09648895263672,26.600000381469727,327280.96875,4688996.5,19,T
1696185134.312414,632,1696185134,311227560,GPS1_Frame,42.33406066894531,-71.09648895263672,26.600000381469727,327280.96875,4688996.5,19,T
1696185135.3302078,633,1696185135,329075574,GPS1_Frame,42.33406066894531,-71.09648895263672,26.600000381469727,327280.96875,4688996.5,19,T
1696185136.3128624,634,1696185136,311695575,GPS1_Frame,42.33406066894531,-71.09648895263672,26.600000381469727,327280.96875,4688996.5,19,T
1696185137.3402603,635,1696185137,339112997,GPS1_Frame,42.33406066894531,-71.09648895263672,26.600000381469727,327280.96875,4688996.5,19,T
1696185138.3360155,636,1696185138,335012435,GPS1_Frame,42.33406066894531,-71.09648895263672,26.600000381469727,327280.96875,4688996.5,19,T
